sample_id,sample_type,family_label,type_label
10001,1,3,2
10002,1,12,2
10003,1,3,2
10004,1,9,1
10005,1,11,1
10006,1,9,1
10007,1,4,2
10008,1,14,2
10009,1,4,2
10010,1,4,2
10011,1,23,2
10012,1,5,1
10013,1,11,1
10014,1,11,1
10015,1,4,2
10016,1,3,2
10017,1,11,1
10018,1,4,2
10019,1,11,1
10020,1,5,1
10021,1,3,2
10022,1,11,1
10023,1,5,1
10024,1,11,1
10025,1,3,2
10026,1,5,1
10027,1,3,2
10028,1,4,2
10029,1,5,1
10030,1,5,1
10031,1,12,2
10032,1,23,2
10033,1,4,2
10034,1,14,2
10035,1,18,2
10036,1,23,2
10037,1,18,2
10038,1,23,2
10039,1,12,2
10040,1,14,2
10041,1,14,2
10042,1,5,1
10043,1,9,1
10044,1,18,2
10045,1,12,2
10046,1,4,2
10047,1,5,1
10048,1,3,2
10049,1,3,2
10050,1,9,1
10051,1,5,1
10052,1,23,2
10053,1,11,1
10054,1,5,1
10055,1,14,2
10056,1,12,2
10057,1,4,2
10058,1,3,2
10059,1,14,2
10060,1,3,2
10061,1,4,2
10062,1,12,2
10063,1,5,1
10064,1,4,2
10065,1,5,1
10066,1,23,2
10067,1,28,2
10068,1,3,2
10069,1,5,1
10070,1,4,2
10072,1,11,1
10073,1,9,1
10074,1,5,1
10076,1,3,2
10077,1,11,1
10078,1,12,2
10079,1,14,2
10080,1,3,2
10081,1,3,2
10082,1,11,1
10083,1,11,1
10084,1,4,2
10085,1,4,2
10086,1,5,1
10087,1,11,1
10088,1,18,2
10089,1,3,2
10090,1,3,2
10091,1,4,2
10092,1,12,2
10093,1,4,2
10094,1,18,2
10095,1,12,2
10096,1,4,2
10097,1,5,1
10098,1,3,2
10099,1,11,1
10100,1,5,1
10101,1,5,1
10102,1,12,2
10103,1,4,2
10104,1,50,2
10105,1,5,1
10106,1,9,1
10107,1,3,2
10108,1,5,1
10109,1,23,2
10110,1,4,2
10111,1,11,1
10112,1,23,2
10113,1,4,2
10114,1,3,2
10115,1,23,2
10116,1,23,2
10117,1,5,1
10118,1,4,2
10119,1,11,1
10120,1,3,2
10121,1,3,2
10122,1,9,1
10123,1,4,2
10124,1,5,1
10125,1,3,2
10126,1,23,2
10127,1,11,1
10128,1,4,2
10129,1,5,1
10130,1,4,2
10131,1,4,2
10132,1,12,2
10133,1,5,1
10134,1,5,1
10135,1,12,2
10136,1,4,2
10137,1,9,1
10138,1,14,2
10139,1,11,1
10140,1,3,2
10141,1,5,1
10142,1,5,1
10143,1,14,2
10144,1,3,2
10145,1,11,1
10146,1,28,2
10147,1,5,1
10148,1,5,1
10149,1,9,1
10150,1,3,2
10151,1,4,2
10152,1,4,2
10153,1,5,1
10154,1,4,2
10155,1,11,1
10156,1,12,2
10157,1,9,1
10158,1,12,2
10159,1,11,1
10160,1,18,2
10161,1,4,2
10162,1,11,1
10163,1,11,1
10164,1,5,1
10165,1,5,1
10166,1,11,1
10167,1,9,1
10168,1,5,1
10169,1,11,1
10191,1,14,2
10192,1,5,1
10193,1,9,1
10194,1,4,2
10195,1,18,2
10197,1,11,1
10198,1,4,2
10199,1,9,1
10200,1,4,2
10201,1,5,1
10202,1,4,2
10203,1,9,1
10204,1,14,2
10205,1,3,2
10206,1,4,2
10207,1,18,2
10208,1,9,1
10209,1,4,2
10210,1,11,1
10211,1,3,2
10212,1,3,2
10213,1,18,2
10214,1,9,1
10215,1,5,1
10216,1,3,2
10217,1,12,2
10218,1,3,2
10219,1,3,2
10220,1,11,1
10221,1,28,2
10222,1,3,2
10223,1,3,2
10224,1,50,2
10225,1,3,2
10226,1,3,2
10227,1,5,1
10228,1,3,2
10229,1,3,2
10230,1,5,1
10231,1,18,2
10232,1,14,2
10233,1,5,1
10234,1,11,1
10235,1,5,1
10236,1,3,2
10237,1,4,2
10238,1,3,2
10239,1,5,1
10240,1,3,2
10241,1,3,2
10242,1,5,1
10243,1,14,2
10244,1,12,2
10245,1,11,1
10246,1,9,1
10247,1,3,2
10248,1,5,1
10249,1,11,1
10250,1,4,2
10251,1,3,2
10252,1,18,2
10253,1,9,1
10254,1,5,1
10255,1,18,2
10256,1,12,2
10257,1,4,2
10258,1,11,1
10259,1,9,1
10260,1,9,1
10261,1,14,2
10262,1,5,1
10263,1,9,1
10264,1,18,2
10265,1,5,1
10266,1,9,1
10267,1,23,2
10268,1,11,1
10269,1,12,2
10270,1,3,2
10271,1,5,1
10272,1,18,2
10273,1,3,2
10274,1,4,2
10275,1,5,1
10276,1,18,2
10277,1,12,2
10278,1,4,2
10279,1,14,2
10280,1,9,1
10281,1,11,1
10282,1,9,1
10284,1,5,1
10285,1,14,2
10287,1,12,2
10288,1,14,2
10289,1,18,2
10291,1,5,1
10292,1,12,2
10293,1,11,1
10294,1,11,1
10295,1,9,1
10296,1,3,2
10297,1,5,1
10298,1,4,2
10299,1,50,2
10300,1,4,2
10301,1,4,2
10302,1,9,1
10303,1,4,2
10304,1,3,2
10305,1,3,2
10306,1,11,1
10307,1,5,1
10308,1,9,1
10309,1,11,1
10310,1,9,1
10311,1,23,2
10312,1,3,2
10313,1,12,2
10314,1,12,2
10315,1,4,2
10316,1,14,2
10317,1,28,2
10318,1,3,2
10319,1,23,2
10320,1,3,2
10321,1,5,1
10322,1,5,1
10323,1,3,2
10324,1,9,1
10325,1,23,2
10326,1,3,2
10327,1,5,1
10328,1,3,2
10329,1,3,2
10330,1,5,1
10331,1,11,1
10332,1,4,2
10333,1,18,2
10334,1,4,2
10337,1,23,2
10338,1,3,2
10339,1,3,2
10340,1,9,1
10341,1,3,2
10342,1,3,2
10343,1,9,1
10344,1,9,1
10345,1,5,1
10346,1,11,1
10347,1,4,2
10348,1,23,2
10349,1,18,2
10351,1,3,2
10352,1,3,2
10353,1,3,2
10354,1,3,2
10355,1,3,2
10356,1,12,2
10357,1,5,1
10358,1,11,1
10359,1,3,2
10360,1,4,2
10361,1,3,2
10362,1,11,1
10363,1,11,1
10364,1,3,2
10365,1,12,2
10366,1,12,2
10367,1,9,1
10368,1,5,1
10369,1,3,2
10370,1,4,2
10371,1,3,2
10372,1,4,2
10373,1,18,2
10374,1,12,2
10375,1,18,2
10376,1,3,2
10377,1,4,2
10378,1,5,1
10379,1,3,2
10380,1,12,2
10381,1,50,2
10382,1,14,2
10383,1,3,2
10384,1,14,2
10385,1,5,1
10386,1,3,2
10387,1,3,2
10388,1,3,2
10389,1,5,1
10390,1,12,2
10391,1,4,2
10392,1,5,1
10393,1,3,2
10394,1,18,2
10395,1,14,2
10396,1,14,2
10397,1,12,2
10398,1,4,2
10399,1,3,2
10400,1,5,1
10401,1,14,2
10402,1,11,1
10403,1,12,2
10404,1,5,1
10405,1,4,2
10406,1,11,1
10407,1,5,1
10408,1,9,1
10409,1,9,1
10410,1,12,2
10411,1,3,2
10412,1,4,2
10413,1,9,1
10414,1,14,2
10415,1,5,1
10416,1,18,2
10417,1,11,1
10418,1,12,2
10419,1,28,2
10420,1,3,2
10421,1,4,2
10422,1,18,2
10423,1,9,1
10424,1,14,2
10425,1,3,2
10426,1,14,2
10427,1,12,2
10428,1,5,1
10429,1,14,2
10430,1,9,1
10431,1,5,1
10432,1,3,2
10433,1,14,2
10434,1,3,2
10435,1,4,2
10436,1,3,2
10437,1,18,2
10438,1,3,2
10439,1,4,2
10440,1,9,1
10441,1,14,2
10442,1,14,2
10443,1,14,2
10444,1,11,1
10445,1,9,1
10446,1,3,2
10447,1,4,2
10448,1,14,2
10449,1,4,2
10450,1,14,2
10451,1,4,2
10452,1,12,2
10453,1,12,2
10454,1,9,1
10455,1,9,1
10456,1,12,2
10457,1,9,1
10458,1,4,2
10459,1,5,1
10460,1,9,1
10461,1,14,2
10462,1,4,2
10463,1,5,1
10464,1,14,2
10465,1,18,2
10466,1,4,2
10467,1,3,2
10468,1,23,2
10469,1,4,2
10470,1,18,2
10471,1,3,2
10472,1,9,1
10473,1,11,1
10474,1,18,2
10475,1,5,1
10476,1,3,2
10477,1,12,2
10478,1,11,1
10479,1,14,2
10480,1,5,1
10481,1,14,2
10482,1,18,2
10483,1,12,2
10484,1,11,1
10485,1,4,2
10486,1,4,2
10487,1,4,2
10488,1,5,1
10489,1,3,2
10490,1,4,2
10491,1,11,1
10492,1,3,2
10493,1,9,1
10494,1,9,1
10495,1,11,1
10496,1,9,1
10497,1,12,2
10498,1,14,2
10499,1,5,1
10500,1,3,2
10501,1,4,2
10502,1,3,2
10503,1,5,1
10504,1,3,2
10505,1,5,1
10506,1,23,2
10507,1,14,2
10508,1,4,2
10509,1,11,1
10510,1,3,2
10511,1,9,1
10512,1,9,1
10513,1,3,2
10514,1,18,2
10515,1,5,1
10516,1,23,2
10517,1,4,2
10518,1,14,2
10519,1,11,1
10520,1,18,2
10521,1,4,2
10522,1,5,1
10523,1,18,2
10524,1,11,1
10525,1,9,1
10526,1,5,1
10527,1,4,2
10528,1,23,2
10529,1,3,2
10530,1,12,2
10531,1,4,2
10532,1,9,1
10533,1,18,2
10534,1,14,2
10535,1,9,1
10536,1,5,1
10537,1,28,2
10538,1,3,2
10539,1,4,2
10540,1,12,2
10541,1,5,1
10542,1,4,2
10543,1,3,2
10544,1,11,1
10545,1,9,1
10546,1,9,1
10547,1,4,2
10548,1,9,1
10549,1,23,2
10550,1,14,2
10551,1,4,2
10552,1,9,1
10553,1,4,2
10554,1,14,2
10555,1,5,1
10556,1,4,2
10557,1,14,2
10558,1,9,1
10559,1,14,2
10560,1,5,1
10561,1,9,1
10562,1,23,2
10563,1,4,2
10564,1,11,1
10565,1,12,2
10566,1,4,2
10567,1,23,2
10568,1,3,2
10569,1,5,1
10570,1,3,2
10571,1,3,2
10572,1,14,2
10573,1,5,1
10574,1,14,2
10575,1,9,1
10576,1,9,1
10577,1,23,2
10578,1,5,1
10579,1,14,2
10580,1,4,2
10581,1,5,1
10582,1,4,2
10583,1,22,3
10584,1,34,2
10585,1,7,3
10586,1,39,3
10587,1,16,2
10588,1,21,2
10589,1,13,4
10590,1,7,3
10591,1,7,3
10592,1,22,3
10593,1,19,3
10594,1,7,3
10595,1,30,2
10596,1,7,3
10597,1,19,3
10598,1,33,2
10599,1,7,3
10600,1,17,4
10601,1,44,3
10602,1,33,2
10603,1,32,3
10604,1,13,4
10605,1,13,4
10606,1,27,2
10607,1,33,2
10608,1,7,3
10609,1,22,3
10610,1,7,3
10611,1,19,3
10612,1,32,3
10613,1,47,2
10614,1,29,2
10615,1,13,4
10616,1,17,4
10617,1,41,2
10618,1,19,3
10619,1,2,2
10620,1,39,3
10621,1,53,3
10622,1,43,2
10623,1,17,4
10624,1,16,2
10625,1,17,4
10626,1,26,3
10627,1,17,4
10628,1,17,4
10629,1,29,2
10630,1,28,2
10631,1,7,3
10632,1,16,2
10633,1,22,3
10634,1,13,4
10635,1,40,3
10636,1,30,2
10637,1,47,2
10638,1,26,3
10639,1,34,2
10640,1,43,2
10641,1,19,3
10642,1,27,2
10643,1,13,4
10644,1,16,2
10645,1,19,3
10646,1,35,3
10648,1,13,4
10649,1,22,3
10651,1,22,3
10653,1,32,3
10654,1,27,2
10655,1,34,2
10657,1,17,4
10658,1,25,4
10659,1,7,3
10660,1,34,2
10661,1,25,4
10662,1,49,2
10663,1,22,3
10665,1,41,2
10666,1,16,2
10667,1,25,4
10675,1,22,3
10676,1,46,2
10677,1,17,4
10678,1,21,2
10679,1,40,3
10680,1,22,3
10681,1,17,4
10682,1,7,3
10683,1,29,2
10684,1,16,2
10685,1,13,4
10686,1,26,3
10687,1,22,3
10688,1,19,3
10689,1,19,3
10690,1,13,4
10691,1,21,2
10692,1,40,3
10693,1,22,3
10694,1,27,2
10695,1,12,2
10696,1,22,3
10697,1,43,2
10698,1,17,4
10699,1,7,3
10700,1,27,2
10701,1,7,3
10702,1,16,2
10703,1,17,4
10704,1,25,4
10705,1,27,2
10706,1,21,2
10707,1,28,2
10708,1,21,2
10709,1,17,4
10710,1,16,2
10711,1,12,2
10712,1,17,4
10713,1,13,4
10714,1,17,4
10715,1,32,3
10716,1,13,4
10717,1,19,3
10718,1,12,2
10719,1,29,2
10720,1,32,3
10721,1,29,2
10723,1,16,2
10724,1,26,3
10725,1,27,2
10726,1,19,3
10727,1,27,2
10728,1,27,2
10730,1,21,2
10731,1,16,2
10732,1,29,2
10733,1,16,2
10735,1,13,4
10736,1,17,4
10737,1,25,4
10738,1,12,2
10739,1,34,2
10740,1,17,4
10741,1,13,4
10742,1,17,4
10743,1,13,4
10744,1,17,4
10745,1,22,3
10746,1,39,3
10747,1,17,4
10748,1,16,2
10749,1,26,3
10750,1,32,3
10751,1,44,3
10752,1,45,3
10754,1,35,3
10755,1,17,4
10756,1,16,2
10757,1,26,3
10758,1,46,2
10759,1,19,3
10760,1,17,4
10761,1,5,1
10762,1,17,4
10763,1,44,3
10764,1,25,4
10765,1,46,2
10766,1,22,3
10767,1,16,2
10768,1,30,2
10769,1,19,3
10770,1,7,3
10771,1,13,4
10772,1,49,2
10773,1,22,3
10774,1,30,2
10775,1,21,2
10776,1,16,2
10777,1,41,2
10778,1,26,3
10779,1,22,3
10780,1,39,3
10781,1,21,2
10782,1,13,4
10783,1,21,2
10784,1,13,4
10785,1,22,3
10786,1,25,4
10787,1,19,3
10788,1,13,4
10789,1,27,2
10790,1,21,2
10791,1,35,3
10792,1,21,2
10793,1,16,2
10794,1,22,3
10795,1,21,2
10796,1,13,4
10797,1,19,3
10798,1,13,4
10799,1,16,2
10800,1,16,2
10801,1,40,3
10802,1,16,2
10803,1,13,4
10804,1,43,2
10805,1,25,4
10806,1,26,3
10807,1,7,3
10808,1,21,2
10809,1,33,2
10810,1,42,2
10811,1,16,2
10812,1,25,4
10813,1,16,2
10814,1,7,3
10815,1,13,4
10816,1,26,3
10817,1,25,4
10818,1,16,2
10819,1,22,3
10820,1,19,3
10821,1,27,2
10822,1,16,2
10823,1,40,3
10824,1,7,3
10825,1,21,2
10826,1,16,2
10827,1,30,2
10828,1,22,3
10829,1,26,3
10830,1,13,4
10831,1,7,3
10832,1,7,3
10833,1,16,2
10834,1,26,3
10835,1,21,2
10836,1,33,2
10837,1,19,3
10838,1,39,3
10839,1,13,4
10840,1,29,2
10841,1,7,3
10842,1,27,2
10843,1,7,3
10844,1,13,4
10845,1,47,2
10846,1,41,2
10847,1,7,3
10848,1,13,4
10849,1,39,3
10850,1,42,2
10851,1,13,4
10852,1,27,2
10853,1,21,2
10854,1,49,2
10855,1,7,3
10856,1,17,4
10857,1,19,3
10858,1,7,3
10859,1,25,4
10860,1,7,3
10861,1,16,2
10862,1,35,3
10863,1,26,3
10864,1,17,4
10865,1,2,2
10866,1,2,2
10867,1,22,3
10868,1,7,3
10869,1,22,3
10870,1,2,2
10871,1,16,2
10872,1,25,4
10873,1,33,2
10874,1,16,2
10875,1,19,3
10876,1,13,4
10877,1,21,2
10878,1,53,3
10879,1,35,3
10880,1,17,4
10881,1,7,3
10882,1,16,2
10883,1,17,4
10884,1,13,4
10885,1,13,4
10886,1,35,3
10887,1,38,4
10888,1,13,4
10889,1,17,4
10890,1,7,3
10891,1,13,4
10892,1,13,4
10893,1,17,4
10894,1,19,3
10895,1,3,2
10896,1,16,2
10897,1,7,3
10898,1,13,4
10899,1,37,3
10900,1,13,4
10901,1,13,4
10902,1,30,2
10903,1,30,2
10904,1,19,3
10905,1,19,3
10906,1,12,2
10907,1,34,2
10908,1,21,2
10909,1,25,4
10910,1,41,2
10911,1,19,3
10912,1,17,4
10913,1,49,2
10914,1,12,2
10915,1,17,4
10916,1,2,2
10917,1,42,2
10918,1,7,3
10919,1,16,2
10920,1,53,3
10921,1,19,3
10922,1,30,2
10923,1,2,2
10924,1,2,2
10925,1,45,3
10926,1,30,2
10927,1,16,2
10928,1,2,2
10929,1,25,4
10930,1,30,2
10931,1,29,2
10932,1,22,3
10933,1,45,3
10934,1,17,4
10935,1,17,4
10936,1,29,2
10937,1,17,4
10938,1,29,2
10939,1,13,4
10940,1,19,3
10941,1,46,2
10942,1,27,2
10943,1,13,4
10944,1,35,3
10945,1,13,4
10946,1,2,2
10947,1,21,2
10948,1,21,2
10949,1,53,3
10950,1,17,4
10951,1,21,2
10952,1,13,4
10953,1,46,2
10954,1,35,3
10955,1,29,2
10956,1,22,3
10957,1,22,3
10958,1,39,3
10959,1,21,2
10960,1,7,3
10961,1,45,3
10963,1,13,4
10964,1,13,4
10965,1,29,2
10966,1,41,2
10967,1,7,3
10968,1,40,3
10969,1,28,2
10970,1,40,3
10971,1,12,2
10972,1,30,2
10973,1,21,2
10974,1,30,2
10975,1,19,3
10976,1,13,4
10977,1,35,3
10978,1,37,3
10979,1,12,2
10980,1,17,4
10981,1,7,3
10982,1,19,3
10983,1,13,4
10984,1,12,2
10985,1,29,2
10986,1,16,2
10987,1,33,2
10988,1,19,3
10989,1,29,2
10990,1,25,4
10991,1,26,3
10992,1,17,4
10993,1,32,3
10994,1,19,3
10995,1,7,3
10996,1,32,3
10997,1,33,2
10998,1,16,2
10999,1,7,3
11000,1,43,2
11001,1,13,4
11002,1,25,4
11003,1,45,3
11004,1,13,4
11005,1,7,3
11006,1,7,3
11007,1,16,2
11008,1,34,2
11009,1,38,4
11010,1,21,2
11011,1,13,4
11012,1,27,2
11013,1,21,2
11014,1,13,4
11015,1,7,3
11016,1,32,3
11017,1,28,2
11018,1,13,4
11019,1,28,2
11020,1,16,2
11021,1,13,4
11022,1,34,2
11023,1,16,2
11024,1,47,2
11025,1,47,2
11026,1,7,3
11027,1,8,1
11028,1,15,2
11029,1,7,3
11030,1,31,2
11031,1,7,3
11032,1,28,2
11033,1,8,1
11034,1,24,2
11035,1,8,1
11036,1,3,2
11037,1,10,2
11039,1,8,1
11040,1,36,2
11041,1,48,4
11042,1,10,2
11043,1,8,1
11044,1,8,1
11045,1,8,1
11046,1,24,2
11047,1,15,2
11048,1,8,1
11049,1,6,2
11050,1,6,2
11051,1,8,1
11052,1,10,2
11053,1,38,4
11054,1,8,1
11055,1,10,2
11056,1,15,2
11057,1,8,1
11058,1,10,2
11059,1,20,2
11060,1,8,1
11061,1,24,2
11062,1,38,4
11063,1,26,3
11064,1,8,1
11065,1,6,2
11066,1,6,2
11067,1,31,2
11068,1,10,2
11069,1,48,4
11071,1,15,2
11072,1,31,2
11073,1,6,2
11074,1,15,2
11075,1,7,3
11076,1,6,2
11077,1,7,3
11078,1,10,2
11079,1,6,2
11080,1,15,2
11081,1,7,3
11082,1,6,2
11083,1,6,2
11084,1,7,3
11085,1,10,2
11086,1,21,2
11087,1,15,2
11088,1,7,3
11089,1,10,2
11090,1,8,1
11091,1,20,2
11092,1,10,2
11093,1,10,2
11094,1,15,2
11095,1,8,1
11096,1,20,2
11097,1,36,2
11098,1,6,2
11099,1,6,2
11100,1,8,1
11101,1,7,3
11102,1,20,2
11103,1,7,3
11104,1,8,1
11105,1,36,2
11106,1,8,1
11107,1,8,1
11108,1,15,2
11109,1,6,2
11110,1,15,2
11111,1,10,2
11112,1,10,2
11113,1,24,2
11114,1,7,3
11115,1,15,2
11116,1,15,2
11117,1,37,3
11118,1,10,2
11119,1,10,2
11120,1,8,1
11121,1,10,2
11122,1,8,1
11123,1,10,2
11124,1,51,2
11125,1,8,1
11126,1,7,3
11127,1,24,2
11128,1,10,2
11129,1,7,3
11130,1,6,2
11131,1,6,2
11132,1,6,2
11133,1,8,1
11134,1,36,2
11135,1,20,2
11136,1,6,2
11137,1,8,1
11138,1,8,1
11139,1,6,2
11140,1,10,2
11141,1,6,2
11142,1,6,2
11143,1,15,2
11144,1,6,2
11145,1,8,1
11146,1,24,2
11147,1,7,3
11148,1,6,2
11149,1,8,1
11150,1,8,1
11151,1,6,2
11152,1,20,2
11153,1,15,2
11154,1,15,2
11155,1,26,3
11156,1,10,2
11157,1,8,1
11158,1,6,2
11159,1,15,2
11160,1,10,2
11161,1,6,2
11162,1,10,2
11163,1,10,2
11164,1,7,3
11165,1,42,2
11166,1,15,2
11167,1,24,2
11168,1,20,2
11169,1,7,3
11170,1,20,2
11171,1,24,2
11172,1,20,2
11173,1,51,2
11174,1,8,1
11175,1,6,2
11176,1,20,2
11177,1,6,2
11178,1,8,1
11179,1,8,1
11180,1,10,2
11181,1,8,1
11182,1,6,2
11183,1,48,4
11184,1,6,2
11185,1,37,3
11186,1,10,2
11187,1,20,2
11188,1,8,1
11189,1,36,2
11190,1,8,1
11191,1,15,2
11192,1,20,2
11193,1,24,2
11194,1,28,2
11195,1,10,2
11196,1,38,4
11197,1,15,2
11198,1,6,2
11199,1,6,2
11200,1,8,1
11201,1,52,2
11202,1,24,2
11203,1,7,3
11204,1,6,2
11205,1,8,1
11206,1,7,3
11207,1,7,3
11208,1,8,1
11209,1,8,1
11210,1,10,2
11211,1,10,2
11212,1,24,2
11213,1,6,2
11214,1,7,3
11215,1,3,2
11216,1,6,2
11217,1,10,2
11218,1,6,2
11219,1,37,3
11220,1,20,2
11221,1,8,1
11222,1,7,3
11223,1,8,1
11224,1,6,2
11225,1,24,2
11226,1,20,2
11227,1,10,2
11228,1,15,2
11229,1,8,1
11230,1,7,3
11231,1,6,2
11232,1,24,2
11233,1,20,2
11234,1,28,2
11235,1,20,2
11236,1,10,2
11237,1,8,1
11238,1,7,3
11239,1,8,1
11240,1,20,2
11241,1,8,1
11242,1,10,2
11243,1,10,2
11244,1,10,2
11245,1,15,2
11246,1,15,2
11247,1,15,2
11248,1,15,2
11249,1,10,2
11250,1,38,4
11251,1,31,2
11252,1,6,2
11253,1,31,2
11254,1,10,2
11255,1,8,1
11256,1,15,2
11257,1,15,2
11258,1,6,2
11259,1,21,2
11260,1,10,2
11261,1,10,2
11262,1,7,3
11263,1,36,2
11264,1,6,2
11265,1,6,2
11266,1,8,1
11267,1,10,2
11268,1,20,2
11269,1,20,2
11270,1,6,2
11271,1,20,2
11272,1,8,1
11273,1,15,2
11274,1,10,2
11275,1,20,2
11276,1,6,2
11277,1,15,2
11279,1,10,2
11280,1,8,1
11281,1,21,2
11282,1,7,3
11283,1,8,1
11285,1,8,1
11286,1,19,3
11288,1,6,2
11289,1,8,1
11290,1,36,2
11291,1,8,1
11292,1,24,2
11293,1,10,2
11294,1,15,2
11295,1,10,2
11296,1,6,2
11297,1,6,2
11299,1,7,3
11300,1,31,2
11301,1,15,2
11302,1,8,1
11303,1,8,1
11304,1,6,2
11305,1,8,1
11306,1,6,2
11307,1,8,1
11308,1,15,2
11309,1,15,2
11310,1,6,2
11311,1,15,2
11312,1,20,2
11313,1,52,2
11314,1,6,2
11315,1,6,2
11316,1,20,2
11317,1,15,2
11318,1,38,4
11319,1,15,2
11320,1,52,2
11321,1,6,2
11322,1,31,2
11323,1,10,2
11324,1,19,3
11325,1,10,2
11328,1,6,2
11329,1,7,3
11330,1,20,2
11331,1,37,3
11332,1,10,2
11333,1,51,2
11334,1,10,2
11335,1,24,2
11336,1,31,2
11337,1,7,3
11338,1,24,2
11339,1,44,3
11340,1,20,2
11341,1,15,2
11342,1,10,2
11343,1,10,2
11344,1,37,3
11345,1,8,1
11346,1,8,1
11347,1,6,2
11348,1,6,2
11349,1,6,2
11350,1,20,2
11351,1,8,1
11352,1,15,2
11354,1,8,1
11355,1,6,2
11357,1,8,1
11359,1,20,2
11360,1,15,2
11361,1,10,2
11362,1,15,2
11363,1,15,2
11364,1,6,2
11365,1,20,2
11366,1,8,1
11367,1,8,1
11368,1,6,2
11370,1,48,4
11371,1,7,3
11372,1,6,2
11373,1,6,2
11375,1,37,3
11376,1,6,2
11377,1,6,2
11379,1,15,2
11380,1,15,2
11382,1,15,2
11383,1,15,2
11384,1,15,2
11385,1,10,2
11386,1,26,3
11387,1,15,2
11388,1,42,2
11389,1,51,2
11390,1,10,2
11391,1,6,2
11392,1,31,2
11393,1,8,1
11394,1,52,2
11395,1,6,2
11396,1,36,2
11397,1,6,2
11398,1,6,2
11399,1,20,2
11400,1,6,2
11401,1,6,2
11402,1,6,2
11403,1,48,4
11404,1,15,2
11405,1,31,2
11406,1,7,3
11407,1,8,1
11408,1,6,2
11409,1,6,2
11410,1,1,2
11411,1,1,2
11412,1,1,2
11413,1,1,2
11414,1,1,2
11415,1,1,2
11416,1,1,2
11417,1,1,2
11418,1,1,2
11419,1,1,2
11420,1,1,2
11421,1,1,2
11422,1,1,2
11423,1,1,2
11424,1,1,2
11425,1,1,2
11426,1,1,2
11427,1,1,2
11428,1,1,2
11429,1,1,2
11430,1,1,2
11431,1,1,2
11432,1,1,2
11433,1,1,2
11434,1,1,2
11435,1,1,2
11436,1,1,2
11437,1,1,2
11438,1,1,2
11439,1,1,2
11440,1,1,2
11441,1,1,2
11442,1,1,2
11443,1,1,2
11444,1,1,2
11445,1,1,2
11446,1,1,2
11447,1,1,2
11448,1,1,2
11449,1,1,2
11450,1,1,2
11451,1,1,2
11452,1,1,2
11453,1,1,2
11454,1,1,2
11455,1,1,2
11456,1,1,2
11457,1,1,2
11458,1,1,2
11459,1,1,2
11460,1,1,2
11461,1,1,2
11462,1,1,2
11463,1,1,2
11464,1,1,2
11465,1,1,2
11466,1,1,2
11467,1,1,2
11468,1,1,2
11469,1,1,2
11470,1,1,2
11471,1,1,2
11472,1,1,2
11473,1,1,2
11474,1,1,2
11475,1,1,2
11476,1,1,2
11477,1,1,2
11478,1,1,2
11479,1,1,2
11480,1,1,2
11481,1,1,2
11482,1,1,2
11483,1,1,2
11484,1,1,2
11485,1,1,2
11486,1,1,2
11487,1,1,2
11488,1,1,2
11489,1,1,2
11490,1,1,2
11491,1,1,2
11492,1,1,2
11493,1,1,2
11494,1,1,2
11495,1,1,2
11496,1,1,2
11497,1,1,2
11498,1,1,2
11499,1,1,2
11500,1,1,2
11501,1,1,2
11502,1,1,2
11503,1,1,2
11504,1,1,2
11505,1,1,2
11506,1,1,2
11507,1,1,2
11508,1,1,2
11509,1,1,2
11510,1,1,2
11511,1,1,2
11512,1,1,2
11513,1,1,2
11514,1,1,2
11515,1,1,2
11516,1,1,2
11517,1,1,2
11518,1,1,2
11519,1,1,2
11520,1,1,2
11521,1,1,2
11522,1,1,2
11523,1,1,2
11524,1,1,2
11525,1,1,2
11526,1,1,2
11527,1,1,2
11528,1,1,2
11529,1,1,2
11530,1,1,2
11531,1,1,2
11532,1,1,2
11533,1,1,2
11534,1,1,2
11535,1,1,2
11536,1,1,2
11537,1,1,2
11538,1,1,2
11539,1,1,2
11540,1,1,2
11541,1,1,2
11542,1,1,2
11543,1,1,2
11545,1,2,2
11546,1,2,2
11548,1,2,2
11550,1,2,2
11551,1,2,2
11552,1,2,2
11554,1,2,2
11555,1,2,2
11558,1,2,2
11559,1,2,2
11562,1,2,2
11565,1,2,2
11566,1,2,2
11568,1,2,2
11572,1,2,2
11574,1,2,2
11576,1,2,2
11578,1,2,2
11580,1,2,2
11581,1,2,2
11585,1,2,2
11587,1,2,2
11588,1,2,2
11589,1,2,2
11591,1,2,2
11594,1,2,2
11597,1,2,2
11598,1,2,2
11599,1,2,2
11601,1,2,2
11602,1,2,2
11603,1,2,2
11604,1,2,2
11605,1,2,2
11606,1,2,2
11607,1,2,2
11609,1,2,2
11610,1,2,2
11611,1,2,2
11612,1,2,2
11613,1,2,2
11614,1,2,2
11616,1,2,2
11617,1,2,2
11618,1,2,2
11620,1,2,2
11623,1,2,2
11626,1,2,2
11627,1,2,2
11628,1,2,2
11629,1,2,2
11630,1,2,2
11631,1,2,2
11632,1,2,2
11633,1,2,2
11635,1,2,2
11637,1,2,2
11638,1,2,2
11639,1,2,2
11640,1,2,2
11641,1,2,2
11642,1,2,2
11643,1,2,2
11644,1,2,2
11645,1,2,2
11646,1,2,2
11647,1,2,2
11648,1,2,2
11649,1,2,2
11650,1,2,2
11651,1,2,2
11652,1,2,2
11654,1,63,4
11655,1,63,4
11656,1,63,4
11657,1,63,4
11658,1,62,4
11659,1,62,4
11660,1,62,4
11661,1,62,4
11662,1,62,4
11663,1,25,4
11664,1,25,4
11666,1,25,4
11669,1,60,4
11670,1,60,4
11671,1,60,4
11672,1,60,4
11673,1,59,4
11674,1,59,4
11675,1,59,4
11676,1,59,4
11677,1,59,4
11678,1,58,4
11679,1,58,4
11680,1,58,4
11681,1,58,4
11682,1,58,4
11683,1,57,4
11684,1,57,4
11685,1,57,4
11686,1,57,4
11687,1,57,4
11688,1,56,4
11689,1,56,4
11690,1,56,4
11691,1,56,4
11692,1,56,4
11693,1,55,4
11695,1,55,4
11696,1,55,4
11697,1,55,4
11698,1,54,4
11699,1,54,4
11706,1,56,4
11707,1,56,4
11708,1,56,4
11709,1,56,4
11710,1,58,4
11711,1,58,4
11712,1,58,4
11713,1,58,4
11714,1,59,4
11715,1,59,4
11716,1,60,4
11717,1,60,4
11718,1,60,4
11720,1,25,4
11721,1,25,4
11722,1,25,4
11724,1,25,4
11725,1,25,4
11726,1,25,4
11727,1,25,4
11728,1,25,4
11730,1,25,4
11731,1,25,4
11732,1,62,4
11734,1,62,4
11735,1,62,4
11736,1,62,4
11737,1,62,4
11738,1,62,4
11740,1,62,4
11741,1,62,4
11742,1,62,4
11743,1,62,4
11745,1,62,4
11746,1,62,4
11747,1,63,4
11748,1,63,4
11749,1,63,4
11750,1,63,4
11751,1,63,4
11752,1,63,4
11753,1,63,4
11754,1,63,4
11755,1,63,4
11757,1,63,4
11758,1,63,4
11759,1,63,4
11760,1,63,4
11761,1,63,4
11762,1,63,4
11763,1,63,4
11765,1,54,4
11766,1,54,4
11767,1,54,4
11768,1,54,4
11769,1,54,4
11770,1,54,4
11771,1,54,4
11772,1,54,4
11774,1,54,4
11775,1,54,4
11776,1,54,4
11777,1,54,4
11778,1,54,4
11779,1,54,4
11780,1,54,4
11781,1,54,4
11782,1,54,4
11783,1,54,4
11784,1,54,4
11785,1,54,4
11786,1,54,4
11787,1,54,4
11788,1,54,4
11789,1,54,4
11790,1,54,4
11791,1,54,4
11792,1,54,4
11793,1,54,4
11794,1,54,4
11796,1,54,4
11798,1,54,4
11799,1,54,4
11800,1,54,4
11801,1,54,4
11802,1,54,4
11803,1,54,4
11804,1,54,4
11805,1,54,4
11806,1,54,4
11807,1,54,4
11808,1,54,4
11809,1,54,4
11810,1,54,4
11811,1,54,4
11812,1,55,4
11813,1,55,4
11814,1,55,4
11815,1,55,4
11816,1,55,4
11817,1,55,4
11818,1,55,4
11819,1,55,4
11820,1,55,4
11821,1,55,4
11822,1,55,4
11823,1,55,4
11824,1,55,4
11825,1,55,4
11826,1,55,4
11827,1,55,4
11828,1,55,4
11829,1,55,4
11830,1,55,4
11831,1,55,4
11832,1,55,4
11833,1,55,4
11834,1,55,4
11835,1,55,4
11836,1,55,4
11837,1,55,4
11838,1,55,4
11839,1,55,4
11840,1,55,4
11841,1,55,4
11842,1,55,4
11843,1,55,4
11844,1,55,4
11845,1,55,4
11846,1,55,4
11847,1,55,4
11848,1,55,4
11849,1,57,4
11850,1,57,4
11851,1,57,4
11854,1,57,4
11855,1,57,4
11856,1,57,4
11857,1,57,4
11858,1,57,4
11859,1,57,4
11860,1,57,4
11861,1,57,4
11862,1,57,4
11863,1,57,4
11864,1,52,2
11865,1,52,2
11866,1,52,2
11867,1,52,2
11868,1,52,2
11869,1,52,2
11870,1,52,2
11871,1,52,2
11872,1,52,2
11873,1,52,2
11874,1,52,2
11875,1,52,2
11876,1,52,2
11877,1,52,2
11879,1,52,2
11880,1,52,2
11881,1,52,2
11882,1,52,2
11883,1,52,2
11884,1,52,2
11885,1,52,2
11886,1,52,2
11887,1,52,2
11888,1,52,2
11889,1,49,2
11890,1,49,2
11891,1,49,2
11892,1,49,2
11893,1,49,2
11894,1,49,2
11895,1,53,3
11896,1,53,3
11897,1,53,3
11900,1,53,3
11901,1,53,3
11902,1,53,3
11903,1,53,3
11904,1,53,3
11905,1,53,3
11906,1,49,2
11907,1,51,2
11908,1,51,2
11909,1,51,2
11910,1,51,2
11911,1,51,2
11912,1,51,2
11913,1,64,3
11914,1,64,3
11915,1,64,3
11916,1,64,3
11917,1,64,3
11918,1,64,3
11919,1,64,3
11920,1,64,3
11921,1,64,3
11934,1,64,3
11935,1,64,3
11936,1,64,3
11937,1,64,3
11939,1,64,3
11940,1,64,3
11941,1,64,3
11942,1,64,3
11943,1,64,3
11944,1,64,3
11945,1,64,3
11946,1,64,3
11947,1,64,3
11948,1,64,3
11949,1,64,3
11950,1,64,3
11951,1,64,3
11952,1,64,3
11953,1,64,3
11954,1,64,3
11955,1,64,3
11956,1,64,3
11957,1,64,3
11958,1,64,3
11959,1,64,3
11960,1,64,3
11961,1,64,3
11962,1,64,3
11963,1,64,3
11964,1,64,3
11965,1,64,3
11966,1,64,3
11967,1,64,3
11968,1,64,3
11969,1,64,3
11970,1,64,3
11971,1,64,3
11972,1,64,3
11973,1,64,3
11974,1,64,3
11975,1,51,2
11976,1,50,2
11977,1,42,2
11978,1,42,2
11979,1,42,2
11980,1,42,2
11981,1,42,2
11982,1,42,2
11983,1,42,2
11984,1,42,2
11985,1,42,2
11986,1,42,2
11987,1,42,2
11988,1,42,2
11989,1,42,2
11990,1,48,4
11991,1,48,4
11993,1,48,4
11994,1,48,4
11995,1,48,4
11996,1,48,4
12004,1,48,4
12005,1,48,4
12006,1,45,3
12008,1,45,3
12009,1,45,3
12010,1,45,3
12011,1,45,3
12012,1,45,3
12013,1,45,3
12014,1,45,3
12015,1,45,3
12016,1,45,3
12017,1,45,3
12018,1,45,3
12019,1,45,3
12020,1,45,3
12021,1,45,3
12022,1,45,3
12023,1,45,3
12024,1,45,3
12025,1,45,3
12026,1,45,3
12027,1,45,3
12031,1,45,3
12032,1,45,3
12033,1,45,3
12034,1,45,3
12035,1,45,3
12036,1,45,3
12037,1,45,3
12038,1,45,3
12039,1,45,3
12040,1,45,3
12041,1,45,3
12042,1,45,3
12043,1,45,3
12044,1,45,3
12045,1,45,3
12046,1,45,3
12047,1,45,3
12048,1,45,3
12049,1,45,3
12050,1,47,2
12051,1,47,2
12052,1,47,2
12053,1,47,2
12054,1,47,2
12055,1,47,2
12056,1,47,2
12058,1,47,2
12059,1,47,2
12060,1,47,2
12061,1,47,2
12062,1,47,2
12063,1,47,2
12064,1,47,2
12065,1,47,2
12066,1,47,2
12067,1,47,2
12068,1,44,3
12069,1,44,3
12070,1,44,3
12071,1,44,3
12072,1,44,3
12073,1,44,3
12074,1,44,3
12075,1,44,3
12076,1,44,3
12077,1,44,3
12078,1,44,3
12079,1,44,3
12080,1,44,3
12081,1,44,3
12082,1,44,3
12083,1,44,3
12084,1,44,3
12085,1,65,4
12086,1,65,4
12087,1,65,4
12088,1,65,4
12089,1,65,4
12090,1,65,4
12091,1,65,4
12092,1,65,4
12093,1,65,4
12094,1,65,4
12095,1,65,4
12096,1,65,4
12097,1,65,4
12098,1,65,4
12099,1,65,4
12100,1,65,4
12101,1,65,4
12102,1,65,4
12103,1,65,4
12104,1,65,4
12105,1,65,4
12106,1,65,4
12108,1,65,4
12109,1,43,2
12110,1,43,2
12111,1,43,2
12112,1,43,2
12113,1,43,2
12114,1,43,2
12115,1,43,2
12116,1,43,2
12117,1,43,2
12118,1,43,2
12119,1,43,2
12121,1,43,2
12122,1,43,2
12123,1,43,2
12124,1,43,2
12126,1,43,2
12127,1,43,2
12130,1,43,2
12131,1,43,2
12132,1,43,2
12134,1,43,2
12135,1,43,2
12136,1,43,2
12137,1,43,2
12138,1,43,2
12141,1,43,2
12142,1,43,2
12143,1,43,2
12144,1,43,2
12145,1,43,2
12146,1,43,2
12147,1,43,2
12148,1,43,2
12149,1,43,2
12150,1,43,2
12151,1,43,2
12152,1,43,2
12153,1,43,2
12154,1,43,2
12155,1,43,2
12156,1,43,2
12157,1,43,2
12158,1,43,2
12159,1,41,2
12160,1,41,2
12161,1,41,2
12162,1,41,2
12163,1,41,2
12164,1,41,2
12165,1,41,2
12166,1,41,2
12167,1,41,2
12168,1,41,2
12169,1,41,2
12171,1,41,2
12172,1,41,2
12173,1,40,3
12174,1,40,3
12175,1,40,3
12176,1,40,3
12177,1,40,3
12178,1,40,3
12179,1,40,3
12180,1,40,3
12181,1,40,3
12183,1,40,3
12184,1,40,3
12185,1,40,3
12186,1,40,3
12187,1,40,3
12188,1,40,3
12189,1,40,3
12190,1,40,3
12191,1,40,3
12192,1,40,3
12193,1,40,3
12194,1,40,3
12195,1,40,3
12197,1,40,3
12198,1,38,4
12199,1,38,4
12200,1,38,4
12203,1,38,4
12204,1,38,4
12205,1,38,4
12206,1,38,4
12207,1,38,4
12208,1,38,4
12209,1,38,4
12210,1,38,4
12211,1,38,4
12212,1,38,4
12213,1,38,4
12218,1,38,4
12219,1,38,4
12220,1,38,4
12221,1,38,4
12222,1,38,4
12223,1,38,4
12224,1,38,4
12225,1,38,4
12226,1,38,4
12227,1,38,4
12228,1,38,4
12230,1,38,4
12233,1,38,4
12234,1,38,4
12235,1,38,4
12236,1,38,4
12237,1,38,4
12238,1,38,4
12239,1,38,4
12241,1,38,4
12242,1,38,4
12243,1,38,4
12244,1,38,4
12245,1,38,4
12246,1,38,4
12247,1,38,4
12248,1,38,4
12249,1,38,4
12250,1,38,4
12251,1,38,4
12252,1,38,4
12253,1,38,4
12254,1,38,4
12255,1,38,4
12256,1,38,4
12257,1,38,4
12258,1,38,4
12259,1,38,4
12260,1,38,4
12261,1,38,4
12262,1,38,4
12267,1,59,4
12268,1,59,4
12269,1,59,4
12270,1,59,4
12273,1,59,4
12274,1,59,4
12275,1,59,4
12276,1,39,3
12277,1,39,3
12278,1,39,3
12279,1,36,2
12280,1,60,4
12281,1,60,4
12282,1,60,4
12283,1,60,4
12285,1,60,4
12286,1,60,4
12287,1,60,4
12288,1,60,4
12289,1,60,4
12290,1,60,4
12291,1,60,4
12292,1,60,4
12293,1,60,4
12294,1,60,4
12295,1,60,4
12296,1,60,4
12297,1,60,4
12298,1,60,4
12299,1,60,4
12300,1,60,4
12301,1,60,4
12302,1,60,4
12303,1,60,4
12304,1,60,4
12305,1,60,4
12306,1,60,4
12307,1,60,4
12308,1,60,4
12309,1,60,4
12310,1,60,4
12311,1,60,4
12312,1,60,4
12313,1,60,4
12314,1,60,4
12315,1,37,3
12316,1,37,3
12317,1,37,3
12318,1,37,3
12319,1,37,3
12320,1,37,3
12324,1,37,3
12325,1,37,3
12326,1,37,3
12327,1,37,3
12329,1,37,3
12331,1,37,3
12332,1,37,3
12333,1,37,3
12334,1,37,3
12335,1,37,3
12336,1,37,3
12337,1,37,3
12338,1,37,3
12339,1,37,3
12340,1,37,3
12341,1,37,3
12342,1,37,3
12343,1,37,3
12345,1,37,3
12346,1,37,3
12347,1,37,3
12348,1,37,3
12350,1,37,3
12351,1,37,3
12352,1,37,3
12353,1,37,3
12354,1,37,3
12355,1,37,3
12356,1,37,3
12357,1,37,3
12358,1,37,3
12359,1,37,3
12360,1,37,3
12361,1,37,3
12362,1,37,3
12364,1,37,3
12366,1,37,3
12367,1,37,3
12371,1,37,3
12372,1,37,3
12373,1,37,3
12374,1,37,3
12375,1,37,3
12377,1,37,3
12378,1,37,3
12379,1,37,3
12380,1,37,3
12381,1,37,3
12383,1,35,3
12384,1,35,3
12385,1,35,3
12386,1,35,3
12387,1,35,3
12393,1,35,3
12394,1,35,3
12395,1,35,3
12396,1,35,3
12397,1,35,3
12398,1,35,3
12399,1,35,3
12400,1,35,3
12401,1,35,3
12402,1,35,3
12403,1,35,3
12404,1,35,3
12405,1,35,3
12406,1,35,3
12407,1,35,3
12408,1,35,3
12409,1,35,3
12410,1,35,3
12411,1,35,3
12412,1,35,3
12413,1,35,3
12414,1,35,3
12415,1,35,3
12416,1,35,3
12417,1,35,3
12418,1,35,3
12419,1,35,3
12420,1,35,3
12421,1,35,3
12422,1,35,3
12423,1,35,3
12424,1,35,3
12425,1,35,3
12426,1,35,3
12427,1,35,3
12428,1,35,3
12429,1,35,3
12430,1,35,3
12431,1,35,3
12432,1,35,3
12433,1,35,3
12434,1,35,3
12435,1,35,3
12436,1,35,3
12437,1,35,3
12438,1,35,3
12439,1,35,3
12440,1,35,3
12441,1,35,3
12442,1,35,3
12443,1,58,4
12444,1,58,4
12445,1,58,4
12446,1,58,4
12447,1,58,4
12448,1,58,4
12449,1,58,4
12450,1,58,4
12451,1,58,4
12452,1,58,4
12453,1,58,4
12454,1,58,4
12455,1,58,4
12456,1,58,4
12457,1,58,4
12459,1,58,4
12460,1,32,3
12461,1,32,3
12462,1,32,3
12463,1,32,3
12464,1,32,3
12465,1,32,3
12466,1,32,3
12467,1,32,3
12468,1,32,3
12469,1,32,3
12470,1,32,3
12471,1,32,3
12472,1,32,3
12473,1,32,3
12474,1,32,3
12475,1,32,3
12476,1,32,3
12477,1,31,2
12478,1,31,2
12479,1,31,2
12480,1,31,2
12481,1,31,2
12482,1,31,2
12483,1,31,2
12484,1,31,2
12485,1,31,2
12486,1,31,2
12487,1,31,2
12488,1,31,2
12489,1,31,2
12490,1,31,2
12491,1,31,2
12492,1,30,2
12493,1,30,2
12494,1,56,4
12495,1,56,4
12496,1,56,4
12497,1,56,4
12498,1,56,4
12499,1,29,2
12500,1,29,2
12502,1,29,2
12503,1,28,2
12504,1,28,2
12505,1,28,2
12506,1,28,2
12507,1,28,2
12508,1,28,2
12509,1,28,2
12510,1,28,2
12511,1,28,2
12512,1,28,2
12513,1,28,2
12514,1,28,2
12515,1,28,2
12516,1,27,2
12517,1,27,2
12518,1,27,2
12519,1,27,2
12520,1,27,2
12521,1,27,2
12522,1,27,2
12523,1,26,3
12524,1,26,3
12525,1,26,3
12526,1,26,3
12527,1,26,3
12528,1,26,3
12529,1,26,3
12530,1,26,3
12531,1,26,3
13001,0,0,0
13002,0,0,0
13003,0,0,0
13004,0,0,0
13005,0,0,0
13006,0,0,0
13007,0,0,0
13008,0,0,0
13009,0,0,0
13010,0,0,0
13011,0,0,0
13012,0,0,0
13013,0,0,0
13014,0,0,0
13015,0,0,0
13016,0,0,0
13017,0,0,0
13018,0,0,0
13019,0,0,0
13020,0,0,0
13021,0,0,0
13022,0,0,0
13023,0,0,0
13024,0,0,0
13025,0,0,0
13026,0,0,0
13027,0,0,0
13028,0,0,0
13029,0,0,0
13030,0,0,0
13031,0,0,0
13032,0,0,0
13033,0,0,0
13034,0,0,0
13035,0,0,0
13036,0,0,0
13037,0,0,0
13038,0,0,0
13039,0,0,0
13040,0,0,0
13041,0,0,0
13042,0,0,0
13044,0,0,0
13046,0,0,0
13047,0,0,0
13048,0,0,0
13049,0,0,0
13050,0,0,0
13052,0,0,0
13053,0,0,0
13054,0,0,0
13055,0,0,0
13056,0,0,0
13057,0,0,0
13058,0,0,0
13059,0,0,0
13060,0,0,0
13061,0,0,0
13062,0,0,0
13063,0,0,0
13064,0,0,0
13065,0,0,0
13066,0,0,0
13068,0,0,0
13069,0,0,0
13070,0,0,0
13071,0,0,0
13072,0,0,0
13073,0,0,0
13074,0,0,0
13075,0,0,0
13076,0,0,0
13078,0,0,0
13079,0,0,0
13081,0,0,0
13082,0,0,0
13083,0,0,0
13084,0,0,0
13085,0,0,0
13086,0,0,0
13087,0,0,0
13088,0,0,0
13090,0,0,0
13091,0,0,0
13093,0,0,0
13094,0,0,0
13095,0,0,0
13096,0,0,0
13097,0,0,0
13098,0,0,0
13099,0,0,0
13100,0,0,0
13101,0,0,0
13103,0,0,0
13104,0,0,0
13105,0,0,0
13106,0,0,0
13107,0,0,0
13108,0,0,0
13109,0,0,0
13110,0,0,0
13111,0,0,0
13112,0,0,0
13113,0,0,0
13114,0,0,0
13115,0,0,0
13116,0,0,0
13117,0,0,0
13118,0,0,0
13119,0,0,0
13120,0,0,0
13121,0,0,0
13122,0,0,0
13123,0,0,0
13124,0,0,0
13125,0,0,0
13126,0,0,0
13127,0,0,0
13128,0,0,0
13129,0,0,0
13131,0,0,0
13132,0,0,0
13133,0,0,0
13134,0,0,0
13135,0,0,0
13136,0,0,0
13138,0,0,0
13139,0,0,0
13140,0,0,0
13141,0,0,0
13142,0,0,0
13143,0,0,0
13144,0,0,0
13145,0,0,0
13147,0,0,0
13148,0,0,0
13149,0,0,0
13150,0,0,0
13151,0,0,0
13152,0,0,0
13153,0,0,0
13154,0,0,0
13155,0,0,0
13156,0,0,0
13157,0,0,0
13158,0,0,0
13159,0,0,0
13160,0,0,0
13161,0,0,0
13162,0,0,0
13163,0,0,0
13164,0,0,0
13165,0,0,0
13166,0,0,0
13167,0,0,0
13168,0,0,0
13169,0,0,0
13170,0,0,0
13171,0,0,0
13172,0,0,0
13173,0,0,0
13174,0,0,0
13175,0,0,0
13176,0,0,0
13177,0,0,0
13178,0,0,0
13179,0,0,0
13180,0,0,0
13181,0,0,0
13182,0,0,0
13183,0,0,0
13184,0,0,0
13185,0,0,0
13186,0,0,0
13187,0,0,0
13188,0,0,0
13189,0,0,0
13190,0,0,0
13191,0,0,0
13192,0,0,0
13193,0,0,0
13194,0,0,0
13195,0,0,0
13196,0,0,0
13197,0,0,0
13198,0,0,0
13199,0,0,0
13200,0,0,0
13201,0,0,0
13202,0,0,0
13203,0,0,0
13204,0,0,0
13205,0,0,0
13206,0,0,0
13207,0,0,0
13208,0,0,0
13209,0,0,0
13210,0,0,0
13211,0,0,0
13212,0,0,0
13213,0,0,0
13214,0,0,0
13215,0,0,0
13216,0,0,0
13217,0,0,0
13218,0,0,0
13219,0,0,0
13220,0,0,0
13221,0,0,0
13222,0,0,0
13225,0,0,0
13226,0,0,0
13228,0,0,0
13229,0,0,0
13230,0,0,0
13231,0,0,0
13232,0,0,0
13233,0,0,0
13234,0,0,0
13235,0,0,0
13236,0,0,0
13237,0,0,0
13238,0,0,0
13239,0,0,0
13240,0,0,0
13241,0,0,0
13242,0,0,0
13243,0,0,0
13244,0,0,0
13245,0,0,0
13246,0,0,0
13247,0,0,0
13248,0,0,0
13249,0,0,0
13250,0,0,0
13251,0,0,0
13252,0,0,0
13253,0,0,0
13254,0,0,0
13255,0,0,0
13256,0,0,0
13257,0,0,0
13258,0,0,0
13259,0,0,0
13260,0,0,0
13261,0,0,0
13262,0,0,0
13263,0,0,0
13264,0,0,0
13265,0,0,0
13267,0,0,0
13268,0,0,0
13269,0,0,0
13270,0,0,0
13271,0,0,0
13272,0,0,0
13273,0,0,0
13274,0,0,0
13275,0,0,0
13276,0,0,0
13277,0,0,0
13278,0,0,0
13279,0,0,0
13280,0,0,0
13281,0,0,0
13282,0,0,0
13283,0,0,0
13284,0,0,0
13285,0,0,0
13286,0,0,0
13287,0,0,0
13288,0,0,0
13289,0,0,0
13290,0,0,0
13291,0,0,0
13292,0,0,0
13293,0,0,0
13294,0,0,0
13295,0,0,0
13296,0,0,0
13297,0,0,0
13298,0,0,0
13299,0,0,0
13300,0,0,0
13301,0,0,0
13302,0,0,0
13303,0,0,0
13304,0,0,0
13305,0,0,0
13306,0,0,0
13307,0,0,0
13308,0,0,0
13309,0,0,0
13310,0,0,0
13311,0,0,0
13312,0,0,0
13313,0,0,0
13314,0,0,0
13315,0,0,0
13316,0,0,0
13317,0,0,0
13318,0,0,0
13319,0,0,0
13320,0,0,0
13321,0,0,0
13322,0,0,0
13323,0,0,0
13324,0,0,0
13326,0,0,0
13327,0,0,0
13328,0,0,0
13329,0,0,0
13330,0,0,0
13331,0,0,0
13332,0,0,0
13333,0,0,0
13334,0,0,0
13335,0,0,0
13336,0,0,0
13337,0,0,0
13338,0,0,0
13339,0,0,0
13340,0,0,0
13341,0,0,0
13342,0,0,0
13343,0,0,0
13344,0,0,0
13345,0,0,0
13346,0,0,0
13347,0,0,0
13349,0,0,0
13350,0,0,0
13351,0,0,0
13352,0,0,0
13353,0,0,0
13354,0,0,0
13355,0,0,0
13356,0,0,0
13357,0,0,0
13358,0,0,0
13359,0,0,0
13360,0,0,0
13361,0,0,0
13362,0,0,0
13363,0,0,0
13364,0,0,0
13365,0,0,0
13366,0,0,0
13367,0,0,0
13368,0,0,0
13369,0,0,0
13370,0,0,0
13371,0,0,0
13372,0,0,0
13373,0,0,0
13374,0,0,0
13375,0,0,0
13376,0,0,0
13377,0,0,0
13378,0,0,0
13379,0,0,0
13380,0,0,0
13381,0,0,0
13382,0,0,0
13383,0,0,0
13384,0,0,0
13385,0,0,0
13386,0,0,0
13387,0,0,0
13388,0,0,0
13389,0,0,0
13390,0,0,0
13391,0,0,0
13392,0,0,0
13393,0,0,0
13394,0,0,0
13395,0,0,0
13396,0,0,0
13397,0,0,0
13398,0,0,0
13399,0,0,0
13400,0,0,0
13401,0,0,0
13402,0,0,0
13403,0,0,0
13404,0,0,0
13405,0,0,0
13406,0,0,0
13407,0,0,0
13408,0,0,0
13409,0,0,0
13410,0,0,0
13411,0,0,0
13412,0,0,0
13413,0,0,0
13414,0,0,0
13415,0,0,0
13416,0,0,0
13417,0,0,0
13418,0,0,0
13419,0,0,0
13420,0,0,0
13421,0,0,0
13422,0,0,0
13423,0,0,0
13425,0,0,0
13426,0,0,0
13427,0,0,0
13428,0,0,0
13429,0,0,0
13430,0,0,0
13431,0,0,0
13432,0,0,0
13433,0,0,0
13434,0,0,0
13435,0,0,0
13436,0,0,0
13437,0,0,0
13438,0,0,0
13439,0,0,0
13440,0,0,0
13441,0,0,0
13442,0,0,0
13443,0,0,0
13444,0,0,0
13445,0,0,0
13446,0,0,0
13447,0,0,0
13448,0,0,0
13449,0,0,0
13450,0,0,0
13451,0,0,0
13452,0,0,0
13453,0,0,0
13454,0,0,0
13455,0,0,0
13456,0,0,0
13457,0,0,0
13458,0,0,0
13459,0,0,0
13460,0,0,0
13462,0,0,0
13463,0,0,0
13464,0,0,0
13465,0,0,0
13466,0,0,0
13467,0,0,0
13468,0,0,0
13469,0,0,0
13470,0,0,0
13471,0,0,0
13472,0,0,0
13473,0,0,0
13474,0,0,0
13475,0,0,0
13476,0,0,0
13477,0,0,0
13478,0,0,0
13479,0,0,0
13480,0,0,0
13481,0,0,0
13483,0,0,0
13484,0,0,0
13485,0,0,0
13486,0,0,0
13487,0,0,0
13489,0,0,0
13490,0,0,0
13491,0,0,0
13492,0,0,0
13493,0,0,0
13494,0,0,0
13495,0,0,0
13496,0,0,0
13497,0,0,0
13498,0,0,0
13499,0,0,0
13500,0,0,0
13501,0,0,0
13502,0,0,0
13503,0,0,0
13504,0,0,0
13505,0,0,0
13506,0,0,0
13507,0,0,0
13508,0,0,0
13509,0,0,0
13510,0,0,0
13511,0,0,0
13512,0,0,0
13513,0,0,0
13514,0,0,0
13515,0,0,0
13516,0,0,0
13517,0,0,0
13518,0,0,0
13519,0,0,0
13520,0,0,0
13521,0,0,0
13522,0,0,0
13523,0,0,0
13524,0,0,0
13525,0,0,0
13526,0,0,0
13527,0,0,0
13528,0,0,0
13529,0,0,0
13530,0,0,0
13531,0,0,0
13532,0,0,0
13533,0,0,0
13534,0,0,0
13536,0,0,0
13537,0,0,0
13538,0,0,0
13539,0,0,0
13540,0,0,0
13541,0,0,0
13542,0,0,0
13543,0,0,0
13544,0,0,0
13545,0,0,0
13546,0,0,0
13547,0,0,0
13548,0,0,0
13549,0,0,0
13550,0,0,0
13551,0,0,0
13553,0,0,0
13554,0,0,0
13555,0,0,0
13556,0,0,0
13557,0,0,0
13558,0,0,0
13559,0,0,0
13560,0,0,0
13561,0,0,0
13562,0,0,0
13563,0,0,0
13564,0,0,0
13565,0,0,0
13566,0,0,0
13567,0,0,0
13568,0,0,0
13569,0,0,0
13570,0,0,0
13571,0,0,0
13572,0,0,0
13573,0,0,0
13574,0,0,0
13575,0,0,0
13576,0,0,0
13577,0,0,0
13578,0,0,0
13579,0,0,0
13580,0,0,0
13581,0,0,0
13582,0,0,0
13583,0,0,0
13584,0,0,0
13586,0,0,0
13587,0,0,0
13588,0,0,0
13590,0,0,0
13591,0,0,0
13592,0,0,0
13593,0,0,0
13594,0,0,0
13595,0,0,0
13596,0,0,0
13597,0,0,0
13598,0,0,0
13599,0,0,0
13600,0,0,0
13601,0,0,0
13602,0,0,0
13603,0,0,0
13604,0,0,0
13605,0,0,0
13606,0,0,0
13607,0,0,0
13608,0,0,0
13609,0,0,0
13610,0,0,0
13611,0,0,0
13612,0,0,0
13613,0,0,0
13614,0,0,0
13615,0,0,0
13616,0,0,0
13617,0,0,0
13618,0,0,0
13619,0,0,0
13620,0,0,0
13621,0,0,0
13622,0,0,0
13623,0,0,0
13624,0,0,0
13625,0,0,0
13626,0,0,0
13627,0,0,0
13628,0,0,0
13629,0,0,0
13630,0,0,0
13631,0,0,0
13632,0,0,0
13633,0,0,0
13634,0,0,0
13636,0,0,0
13637,0,0,0
13639,0,0,0
13640,0,0,0
13641,0,0,0
13642,0,0,0
13643,0,0,0
13646,0,0,0
13647,0,0,0
13648,0,0,0
13649,0,0,0
13650,0,0,0
13651,0,0,0
13652,0,0,0
13653,0,0,0
13654,0,0,0
13655,0,0,0
13656,0,0,0
13657,0,0,0
13659,0,0,0
13660,0,0,0
13661,0,0,0
13663,0,0,0
13664,0,0,0
13665,0,0,0
13666,0,0,0
13667,0,0,0
13669,0,0,0
13670,0,0,0
13671,0,0,0
13672,0,0,0
13673,0,0,0
13674,0,0,0
13675,0,0,0
13676,0,0,0
13677,0,0,0
13678,0,0,0
13679,0,0,0
13680,0,0,0
13681,0,0,0
13682,0,0,0
13683,0,0,0
13684,0,0,0
13685,0,0,0
13686,0,0,0
13687,0,0,0
13688,0,0,0
13689,0,0,0
13690,0,0,0
13691,0,0,0
13692,0,0,0
13693,0,0,0
13694,0,0,0
13696,0,0,0
13698,0,0,0
13699,0,0,0
13700,0,0,0
13701,0,0,0
13702,0,0,0
13703,0,0,0
13704,0,0,0
13705,0,0,0
13706,0,0,0
13707,0,0,0
13708,0,0,0
13709,0,0,0
13710,0,0,0
13711,0,0,0
13712,0,0,0
13713,0,0,0
13715,0,0,0
13716,0,0,0
13717,0,0,0
13718,0,0,0
13719,0,0,0
13720,0,0,0
13721,0,0,0
13722,0,0,0
13724,0,0,0
13725,0,0,0
13726,0,0,0
13728,0,0,0
13729,0,0,0
13730,0,0,0
13731,0,0,0
13732,0,0,0
13733,0,0,0
13734,0,0,0
13735,0,0,0
13736,0,0,0
13737,0,0,0
13738,0,0,0
13739,0,0,0
13740,0,0,0
13742,0,0,0
13743,0,0,0
13745,0,0,0
13746,0,0,0
13747,0,0,0
13748,0,0,0
13749,0,0,0
13751,0,0,0
13752,0,0,0
13753,0,0,0
13754,0,0,0
13755,0,0,0
13756,0,0,0
13758,0,0,0
13759,0,0,0
13760,0,0,0
13761,0,0,0
13763,0,0,0
13764,0,0,0
13765,0,0,0
13766,0,0,0
13767,0,0,0
13768,0,0,0
13769,0,0,0
13770,0,0,0
13771,0,0,0
13772,0,0,0
13773,0,0,0
13774,0,0,0
13776,0,0,0
13777,0,0,0
13778,0,0,0
13780,0,0,0
13781,0,0,0
13782,0,0,0
13783,0,0,0
13784,0,0,0
13785,0,0,0
13786,0,0,0
13787,0,0,0
13788,0,0,0
13789,0,0,0
13790,0,0,0
13791,0,0,0
13792,0,0,0
13793,0,0,0
13794,0,0,0
13795,0,0,0
13796,0,0,0
13797,0,0,0
13798,0,0,0
13799,0,0,0
13800,0,0,0
13801,0,0,0
13802,0,0,0
13803,0,0,0
13804,0,0,0
13805,0,0,0
13806,0,0,0
13807,0,0,0
13808,0,0,0
13809,0,0,0
13810,0,0,0
13811,0,0,0
13812,0,0,0
13813,0,0,0
13814,0,0,0
13815,0,0,0
13816,0,0,0
13817,0,0,0
13818,0,0,0
13820,0,0,0
13821,0,0,0
13822,0,0,0
13823,0,0,0
13824,0,0,0
13825,0,0,0
13826,0,0,0
13827,0,0,0
13828,0,0,0
13829,0,0,0
13830,0,0,0
13831,0,0,0
13832,0,0,0
13833,0,0,0
13834,0,0,0
13835,0,0,0
13836,0,0,0
13837,0,0,0
13838,0,0,0
13839,0,0,0
13840,0,0,0
13841,0,0,0
13842,0,0,0
13843,0,0,0
13844,0,0,0
13845,0,0,0
13846,0,0,0
13847,0,0,0
13848,0,0,0
13849,0,0,0
13850,0,0,0
13851,0,0,0
13852,0,0,0
13853,0,0,0
13854,0,0,0
13855,0,0,0
13856,0,0,0
13857,0,0,0
13858,0,0,0
13859,0,0,0
13860,0,0,0
13861,0,0,0
13862,0,0,0
13863,0,0,0
13864,0,0,0
13866,0,0,0
13867,0,0,0
13868,0,0,0
13869,0,0,0
13870,0,0,0
13871,0,0,0
13872,0,0,0
13873,0,0,0
13874,0,0,0
13875,0,0,0
13876,0,0,0
13877,0,0,0
13878,0,0,0
13879,0,0,0
13880,0,0,0
13881,0,0,0
13882,0,0,0
13883,0,0,0
13884,0,0,0
13885,0,0,0
13886,0,0,0
13887,0,0,0
13888,0,0,0
13889,0,0,0
13890,0,0,0
13891,0,0,0
13892,0,0,0
13893,0,0,0
13894,0,0,0
13895,0,0,0
13896,0,0,0
13897,0,0,0
13898,0,0,0
13899,0,0,0
13900,0,0,0
13901,0,0,0
13902,0,0,0
13903,0,0,0
13904,0,0,0
13905,0,0,0
13906,0,0,0
13907,0,0,0
13908,0,0,0
13909,0,0,0
13910,0,0,0
13911,0,0,0
13912,0,0,0
13913,0,0,0
13914,0,0,0
13915,0,0,0
13916,0,0,0
13917,0,0,0
13918,0,0,0
13919,0,0,0
13920,0,0,0
13921,0,0,0
13922,0,0,0
13923,0,0,0
13924,0,0,0
13925,0,0,0
13926,0,0,0
13927,0,0,0
13928,0,0,0
13929,0,0,0
13930,0,0,0
13931,0,0,0
13932,0,0,0
13933,0,0,0
13934,0,0,0
13935,0,0,0
13936,0,0,0
13937,0,0,0
13938,0,0,0
13939,0,0,0
13940,0,0,0
13941,0,0,0
13942,0,0,0
13943,0,0,0
13944,0,0,0
13945,0,0,0
13946,0,0,0
13947,0,0,0
13948,0,0,0
13949,0,0,0
13950,0,0,0
13951,0,0,0
13952,0,0,0
13953,0,0,0
13954,0,0,0
13955,0,0,0
13956,0,0,0
13957,0,0,0
13958,0,0,0
13959,0,0,0
13960,0,0,0
13961,0,0,0
13962,0,0,0
13963,0,0,0
13964,0,0,0
13965,0,0,0
13966,0,0,0
13967,0,0,0
13968,0,0,0
13969,0,0,0
13970,0,0,0
13971,0,0,0
13972,0,0,0
13973,0,0,0
13974,0,0,0
13975,0,0,0
13976,0,0,0
13977,0,0,0
13978,0,0,0
13979,0,0,0
13980,0,0,0
13981,0,0,0
13982,0,0,0
13983,0,0,0
13984,0,0,0
13985,0,0,0
13986,0,0,0
13987,0,0,0
13988,0,0,0
13989,0,0,0
13990,0,0,0
13991,0,0,0
13992,0,0,0
13993,0,0,0
13994,0,0,0
13995,0,0,0
13996,0,0,0
13997,0,0,0
13998,0,0,0
13999,0,0,0
14000,0,0,0
14001,0,0,0
14002,0,0,0
14003,0,0,0
14004,0,0,0
14005,0,0,0
14006,0,0,0
14007,0,0,0
14008,0,0,0
14009,0,0,0
14010,0,0,0
14011,0,0,0
14012,0,0,0
14013,0,0,0
14014,0,0,0
14015,0,0,0
14016,0,0,0
14017,0,0,0
14018,0,0,0
14019,0,0,0
14020,0,0,0
14021,0,0,0
14022,0,0,0
14023,0,0,0
14024,0,0,0
14025,0,0,0
14026,0,0,0
14027,0,0,0
14028,0,0,0
14029,0,0,0
14030,0,0,0
14031,0,0,0
14032,0,0,0
14033,0,0,0
14034,0,0,0
14035,0,0,0
14036,0,0,0
14037,0,0,0
14038,0,0,0
14039,0,0,0
14040,0,0,0
14041,0,0,0
14042,0,0,0
14043,0,0,0
14044,0,0,0
14045,0,0,0
14046,0,0,0
14047,0,0,0
14048,0,0,0
14049,0,0,0
14050,0,0,0
14051,0,0,0
14052,0,0,0
14053,0,0,0
14054,0,0,0
14055,0,0,0
14056,0,0,0
14057,0,0,0
14058,0,0,0
14059,0,0,0
14060,0,0,0
14061,0,0,0
14062,0,0,0
14063,0,0,0
14064,0,0,0
14065,0,0,0
14066,0,0,0
14067,0,0,0
14068,0,0,0
14069,0,0,0
14070,0,0,0
14071,0,0,0
14072,0,0,0
14073,0,0,0
14074,0,0,0
14075,0,0,0
14076,0,0,0
14077,0,0,0
14078,0,0,0
14079,0,0,0
14080,0,0,0
14081,0,0,0
14082,0,0,0
14084,0,0,0
14085,0,0,0
14086,0,0,0
14087,0,0,0
14088,0,0,0
14089,0,0,0
14090,0,0,0
14091,0,0,0
14092,0,0,0
14093,0,0,0
14094,0,0,0
14095,0,0,0
14096,0,0,0
14097,0,0,0
14098,0,0,0
14099,0,0,0
14100,0,0,0
14101,0,0,0
14102,0,0,0
14103,0,0,0
14104,0,0,0
14105,0,0,0
14106,0,0,0
14107,0,0,0
14109,0,0,0
14110,0,0,0
14112,0,0,0
14114,0,0,0
14115,0,0,0
14116,0,0,0
14117,0,0,0
14118,0,0,0
14119,0,0,0
14121,0,0,0
14122,0,0,0
14123,0,0,0
14124,0,0,0
14125,0,0,0
14126,0,0,0
14127,0,0,0
14128,0,0,0
14129,0,0,0
14130,0,0,0
14131,0,0,0
14132,0,0,0
14133,0,0,0
14134,0,0,0
14135,0,0,0
14136,0,0,0
14137,0,0,0
14138,0,0,0
14139,0,0,0
14140,0,0,0
14141,0,0,0
14142,0,0,0
14143,0,0,0
14144,0,0,0
14145,0,0,0
14146,0,0,0
14148,0,0,0
14149,0,0,0
14150,0,0,0
14151,0,0,0
14152,0,0,0
14153,0,0,0
14154,0,0,0
14155,0,0,0
14156,0,0,0
14157,0,0,0
14158,0,0,0
14159,0,0,0
14161,0,0,0
14162,0,0,0
14163,0,0,0
14164,0,0,0
14165,0,0,0
14166,0,0,0
14167,0,0,0
14168,0,0,0
14170,0,0,0
14171,0,0,0
14172,0,0,0
14173,0,0,0
14174,0,0,0
14175,0,0,0
14176,0,0,0
14177,0,0,0
14178,0,0,0
14179,0,0,0
14181,0,0,0
14182,0,0,0
14183,0,0,0
14184,0,0,0
14185,0,0,0
14186,0,0,0
14187,0,0,0
14188,0,0,0
14189,0,0,0
14190,0,0,0
14191,0,0,0
14192,0,0,0
14193,0,0,0
14194,0,0,0
14195,0,0,0
14196,0,0,0
14197,0,0,0
14198,0,0,0
14199,0,0,0
14200,0,0,0
14201,0,0,0
14202,0,0,0
14203,0,0,0
14204,0,0,0
14206,0,0,0
14207,0,0,0
14208,0,0,0
14209,0,0,0
14210,0,0,0
14211,0,0,0
14212,0,0,0
14213,0,0,0
14214,0,0,0
14216,0,0,0
14217,0,0,0
14218,0,0,0
14220,0,0,0
14221,0,0,0
14222,0,0,0
14223,0,0,0
14224,0,0,0
14225,0,0,0
14226,0,0,0
14227,0,0,0
14228,0,0,0
14229,0,0,0
14230,0,0,0
14231,0,0,0
14232,0,0,0
14233,0,0,0
14234,0,0,0
14235,0,0,0
14236,0,0,0
14237,0,0,0
14238,0,0,0
14239,0,0,0
14240,0,0,0
14241,0,0,0
14242,0,0,0
14243,0,0,0
14244,0,0,0
14245,0,0,0
14246,0,0,0
14247,0,0,0
14248,0,0,0
14249,0,0,0
14250,0,0,0
14251,0,0,0
14252,0,0,0
14253,0,0,0
14254,0,0,0
14255,0,0,0
14256,0,0,0
14257,0,0,0
14258,0,0,0
14259,0,0,0
14260,0,0,0
14261,0,0,0
14262,0,0,0
14263,0,0,0
14264,0,0,0
14265,0,0,0
14266,0,0,0
14267,0,0,0
14268,0,0,0
14269,0,0,0
14270,0,0,0
14271,0,0,0
14272,0,0,0
14273,0,0,0
14275,0,0,0
14276,0,0,0
14277,0,0,0
14278,0,0,0
14279,0,0,0
14280,0,0,0
14281,0,0,0
14282,0,0,0
14283,0,0,0
14284,0,0,0
14285,0,0,0
14286,0,0,0
14287,0,0,0
14288,0,0,0
14289,0,0,0
14290,0,0,0
14291,0,0,0
14292,0,0,0
14293,0,0,0
14294,0,0,0
14295,0,0,0
14296,0,0,0
14297,0,0,0
14298,0,0,0
14299,0,0,0
14300,0,0,0
14301,0,0,0
14302,0,0,0
14303,0,0,0
14304,0,0,0
14305,0,0,0
14306,0,0,0
14307,0,0,0
14308,0,0,0
14309,0,0,0
14312,0,0,0
14313,0,0,0
14314,0,0,0
14315,0,0,0
14316,0,0,0
14317,0,0,0
14318,0,0,0
14319,0,0,0
14320,0,0,0
14321,0,0,0
14322,0,0,0
14323,0,0,0
14324,0,0,0
14325,0,0,0
14326,0,0,0
14327,0,0,0
14329,0,0,0
14330,0,0,0
14331,0,0,0
14332,0,0,0
14333,0,0,0
14334,0,0,0
14335,0,0,0
14336,0,0,0
14337,0,0,0
14338,0,0,0
14339,0,0,0
14340,0,0,0
14341,0,0,0
14342,0,0,0
14343,0,0,0
14344,0,0,0
14345,0,0,0
14346,0,0,0
14347,0,0,0
14349,0,0,0
14350,0,0,0
14351,0,0,0
14352,0,0,0
14353,0,0,0
14354,0,0,0
14355,0,0,0
14356,0,0,0
14357,0,0,0
14358,0,0,0
14359,0,0,0
14360,0,0,0
14362,0,0,0
14363,0,0,0
14364,0,0,0
14365,0,0,0
14366,0,0,0
14367,0,0,0
14368,0,0,0
14369,0,0,0
14370,0,0,0
14371,0,0,0
14372,0,0,0
14373,0,0,0
14374,0,0,0
14375,0,0,0
14376,0,0,0
14377,0,0,0
14378,0,0,0
14379,0,0,0
14380,0,0,0
14381,0,0,0
14382,0,0,0
14384,0,0,0
14385,0,0,0
14386,0,0,0
14388,0,0,0
14389,0,0,0
14390,0,0,0
14391,0,0,0
14392,0,0,0
14393,0,0,0
14394,0,0,0
14395,0,0,0
14396,0,0,0
14397,0,0,0
14398,0,0,0
14399,0,0,0
14400,0,0,0
14401,0,0,0
14403,0,0,0
14404,0,0,0
14405,0,0,0
14406,0,0,0
14407,0,0,0
14408,0,0,0
14409,0,0,0
14410,0,0,0
14411,0,0,0
14412,0,0,0
14415,0,0,0
14416,0,0,0
14417,0,0,0
14419,0,0,0
14421,0,0,0
14422,0,0,0
14423,0,0,0
14424,0,0,0
14425,0,0,0
14426,0,0,0
14428,0,0,0
14429,0,0,0
14430,0,0,0
14431,0,0,0
14432,0,0,0
14433,0,0,0
14434,0,0,0
14435,0,0,0
14436,0,0,0
14437,0,0,0
14439,0,0,0
14440,0,0,0
14441,0,0,0
14442,0,0,0
14443,0,0,0
14445,0,0,0
14446,0,0,0
14447,0,0,0
14448,0,0,0
14449,0,0,0
14450,0,0,0
14451,0,0,0
14452,0,0,0
14453,0,0,0
14454,0,0,0
14455,0,0,0
14456,0,0,0
14457,0,0,0
14458,0,0,0
14459,0,0,0
14460,0,0,0
14461,0,0,0
14462,0,0,0
14463,0,0,0
14464,0,0,0
14465,0,0,0
14466,0,0,0
14467,0,0,0
14468,0,0,0
14469,0,0,0
14470,0,0,0
14471,0,0,0
14472,0,0,0
14473,0,0,0
14474,0,0,0
14475,0,0,0
14478,0,0,0
14479,0,0,0
14480,0,0,0
14481,0,0,0
14483,0,0,0
14484,0,0,0
14485,0,0,0
14486,0,0,0
14487,0,0,0
14488,0,0,0
14489,0,0,0
14490,0,0,0
14491,0,0,0
14492,0,0,0
14494,0,0,0
14495,0,0,0
14496,0,0,0
14497,0,0,0
14498,0,0,0
14499,0,0,0
14500,0,0,0
14501,0,0,0
14502,0,0,0
14503,0,0,0
14504,0,0,0
14505,0,0,0
14506,0,0,0
14507,0,0,0
14508,0,0,0
14509,0,0,0
14510,0,0,0
14511,0,0,0
14512,0,0,0
14513,0,0,0
14514,0,0,0
14515,0,0,0
14516,0,0,0
14517,0,0,0
14519,0,0,0
14520,0,0,0
14521,0,0,0
14522,0,0,0
14523,0,0,0
14524,0,0,0
14525,0,0,0
14526,0,0,0
14527,0,0,0
14528,0,0,0
14529,0,0,0
14530,0,0,0
14531,0,0,0
14532,0,0,0
14533,0,0,0
14534,0,0,0
14535,0,0,0
14536,0,0,0
14537,0,0,0
14539,0,0,0
14540,0,0,0
14541,0,0,0
14543,0,0,0
14544,0,0,0
14545,0,0,0
14546,0,0,0
14548,0,0,0
14549,0,0,0
14550,0,0,0
14551,0,0,0
14552,0,0,0
14553,0,0,0
14554,0,0,0
14555,0,0,0
14556,0,0,0
14557,0,0,0
14558,0,0,0
14559,0,0,0
14560,0,0,0
14562,0,0,0
14563,0,0,0
14564,0,0,0
14565,0,0,0
14566,0,0,0
14567,0,0,0
14568,0,0,0
14569,0,0,0
14570,0,0,0
14571,0,0,0
14572,0,0,0
14573,0,0,0
14574,0,0,0
14575,0,0,0
14576,0,0,0
14577,0,0,0
14578,0,0,0
14579,0,0,0
14580,0,0,0
14581,0,0,0
14582,0,0,0
14583,0,0,0
14584,0,0,0
14585,0,0,0
14586,0,0,0
14588,0,0,0
14589,0,0,0
14590,0,0,0
14591,0,0,0
14592,0,0,0
14593,0,0,0
14594,0,0,0
14595,0,0,0
14596,0,0,0
14597,0,0,0
14598,0,0,0
14599,0,0,0
14600,0,0,0
14601,0,0,0
14603,0,0,0
14604,0,0,0
14605,0,0,0
14606,0,0,0
14607,0,0,0
14608,0,0,0
14609,0,0,0
14610,0,0,0
14611,0,0,0
14612,0,0,0
14613,0,0,0
14614,0,0,0
14615,0,0,0
14616,0,0,0
14617,0,0,0
14618,0,0,0
14619,0,0,0
14620,0,0,0
14621,0,0,0
14622,0,0,0
14623,0,0,0
14624,0,0,0
14625,0,0,0
14626,0,0,0
14627,0,0,0
14628,0,0,0
14629,0,0,0
14630,0,0,0
14631,0,0,0
14632,0,0,0
14633,0,0,0
14634,0,0,0
14635,0,0,0
14636,0,0,0
14637,0,0,0
14638,0,0,0
14639,0,0,0
14640,0,0,0
14641,0,0,0
14642,0,0,0
14643,0,0,0
14644,0,0,0
14645,0,0,0
14646,0,0,0
14647,0,0,0
14648,0,0,0
14649,0,0,0
14650,0,0,0
14651,0,0,0
14652,0,0,0
14653,0,0,0
14654,0,0,0
14655,0,0,0
14656,0,0,0
14657,0,0,0
14658,0,0,0
14659,0,0,0
14660,0,0,0
14661,0,0,0
14662,0,0,0
14663,0,0,0
14664,0,0,0
14665,0,0,0
14666,0,0,0
14667,0,0,0
14668,0,0,0
14669,0,0,0
14670,0,0,0
14671,0,0,0
14672,0,0,0
14673,0,0,0
14674,0,0,0
14675,0,0,0
14676,0,0,0
14677,0,0,0
14678,0,0,0
14679,0,0,0
14680,0,0,0
14681,0,0,0
14682,0,0,0
14683,0,0,0
14684,0,0,0
14685,0,0,0
14686,0,0,0
14687,0,0,0
14688,0,0,0
14689,0,0,0
14690,0,0,0
14691,0,0,0
14692,0,0,0
14693,0,0,0
14694,0,0,0
14695,0,0,0
14696,0,0,0
14697,0,0,0
14698,0,0,0
14699,0,0,0
14700,0,0,0
14702,0,0,0
14703,0,0,0
14704,0,0,0
14705,0,0,0
14706,0,0,0
14707,0,0,0
14708,0,0,0
14709,0,0,0
14710,0,0,0
14711,0,0,0
14712,0,0,0
14713,0,0,0
14714,0,0,0
14715,0,0,0
14718,0,0,0
14719,0,0,0
14720,0,0,0
14721,0,0,0
14722,0,0,0
14724,0,0,0
14725,0,0,0
14726,0,0,0
14727,0,0,0
14728,0,0,0
14729,0,0,0
14730,0,0,0
14731,0,0,0
14732,0,0,0
14733,0,0,0
14735,0,0,0
14736,0,0,0
14737,0,0,0
14739,0,0,0
14742,0,0,0
14743,0,0,0
14744,0,0,0
14746,0,0,0
14747,0,0,0
14748,0,0,0
14749,0,0,0
14750,0,0,0
14755,0,0,0
14756,0,0,0
14757,0,0,0
14758,0,0,0
14759,0,0,0
14761,0,0,0
14762,0,0,0
14763,0,0,0
14765,0,0,0
14766,0,0,0
14767,0,0,0
14768,0,0,0
14770,0,0,0
14771,0,0,0
14773,0,0,0
14775,0,0,0
14776,0,0,0
14777,0,0,0
14778,0,0,0
14779,0,0,0
14780,0,0,0
14781,0,0,0
14782,0,0,0
14783,0,0,0
14784,0,0,0
14785,0,0,0
14786,0,0,0
14787,0,0,0
14788,0,0,0
14790,0,0,0
14791,0,0,0
14793,0,0,0
14794,0,0,0
14795,0,0,0
14796,0,0,0
14797,0,0,0
14798,0,0,0
14800,0,0,0
14801,0,0,0
14802,0,0,0
14803,0,0,0
14804,0,0,0
14805,0,0,0
14806,0,0,0
14807,0,0,0
14808,0,0,0
14809,0,0,0
14810,0,0,0
14812,0,0,0
14813,0,0,0
14814,0,0,0
14816,0,0,0
14817,0,0,0
14820,0,0,0
14821,0,0,0
14822,0,0,0
14823,0,0,0
14824,0,0,0
14825,0,0,0
14826,0,0,0
14828,0,0,0
14829,0,0,0
14830,0,0,0
14831,0,0,0
14833,0,0,0
14834,0,0,0
14835,0,0,0
14836,0,0,0
14837,0,0,0
14838,0,0,0
14839,0,0,0
14840,0,0,0
14841,0,0,0
14842,0,0,0
14843,0,0,0
14844,0,0,0
14845,0,0,0
14846,0,0,0
14847,0,0,0
14848,0,0,0
14849,0,0,0
14850,0,0,0
14851,0,0,0
14852,0,0,0
14853,0,0,0
14854,0,0,0
14855,0,0,0
14856,0,0,0
14857,0,0,0
14858,0,0,0
14859,0,0,0
14860,0,0,0
14861,0,0,0
14863,0,0,0
14864,0,0,0
14865,0,0,0
14866,0,0,0
14868,0,0,0
14869,0,0,0
14870,0,0,0
14871,0,0,0
14872,0,0,0
14873,0,0,0
14874,0,0,0
14875,0,0,0
14876,0,0,0
14877,0,0,0
14879,0,0,0
14880,0,0,0
14881,0,0,0
14882,0,0,0
14883,0,0,0
14884,0,0,0
14885,0,0,0
14886,0,0,0
14887,0,0,0
14888,0,0,0
14889,0,0,0
14890,0,0,0
14891,0,0,0
14892,0,0,0
14893,0,0,0
14894,0,0,0
14895,0,0,0
14896,0,0,0
14897,0,0,0
14898,0,0,0
14899,0,0,0
14900,0,0,0
14901,0,0,0
14902,0,0,0
14903,0,0,0
14904,0,0,0
14905,0,0,0
14906,0,0,0
14907,0,0,0
14908,0,0,0
14909,0,0,0
14910,0,0,0
14911,0,0,0
14912,0,0,0
14913,0,0,0
14914,0,0,0
14915,0,0,0
14916,0,0,0
14917,0,0,0
14918,0,0,0
14919,0,0,0
14920,0,0,0
14921,0,0,0
14922,0,0,0
14923,0,0,0
14924,0,0,0
14925,0,0,0
14926,0,0,0
14927,0,0,0
14928,0,0,0
14929,0,0,0
14931,0,0,0
14932,0,0,0
14933,0,0,0
14935,0,0,0
14936,0,0,0
14937,0,0,0
14938,0,0,0
14939,0,0,0
14940,0,0,0
14941,0,0,0
14942,0,0,0
14943,0,0,0
14944,0,0,0
14945,0,0,0
14946,0,0,0
14947,0,0,0
14948,0,0,0
14949,0,0,0
14950,0,0,0
14951,0,0,0
14952,0,0,0
14953,0,0,0
14954,0,0,0
14955,0,0,0
14956,0,0,0
14957,0,0,0
14958,0,0,0
14959,0,0,0
14960,0,0,0
14961,0,0,0
14962,0,0,0
14963,0,0,0
14964,0,0,0
14965,0,0,0
14966,0,0,0
14967,0,0,0
14968,0,0,0
14969,0,0,0
14970,0,0,0
14971,0,0,0
14972,0,0,0
14973,0,0,0
14975,0,0,0
14977,0,0,0
14979,0,0,0
14980,0,0,0
14981,0,0,0
14982,0,0,0
14983,0,0,0
14984,0,0,0
14985,0,0,0
14986,0,0,0
14987,0,0,0
14988,0,0,0
14990,0,0,0
14991,0,0,0
14992,0,0,0
14993,0,0,0
14994,0,0,0
14995,0,0,0
14996,0,0,0
14997,0,0,0
14998,0,0,0
14999,0,0,0
15000,0,0,0
15001,0,0,0
15002,0,0,0
15003,0,0,0
15004,0,0,0
15005,0,0,0
15006,0,0,0
15007,0,0,0
15008,0,0,0
15009,0,0,0
15010,0,0,0
15011,0,0,0
15012,0,0,0
15013,0,0,0
15014,0,0,0
15015,0,0,0
15016,0,0,0
15017,0,0,0
15018,0,0,0
15019,0,0,0
15020,0,0,0
15021,0,0,0
15022,0,0,0
15023,0,0,0
15024,0,0,0
15025,0,0,0
15026,0,0,0
15027,0,0,0
15028,0,0,0
15029,0,0,0
15030,0,0,0
15031,0,0,0
15032,0,0,0
15033,0,0,0
15034,0,0,0
15035,0,0,0
15036,0,0,0
15037,0,0,0
15038,0,0,0
15039,0,0,0
15040,0,0,0
15041,0,0,0
15042,0,0,0
15043,0,0,0
15044,0,0,0
15045,0,0,0
15046,0,0,0
15047,0,0,0
15048,0,0,0
15049,0,0,0
15050,0,0,0
15051,0,0,0
15052,0,0,0
15053,0,0,0
15054,0,0,0
15055,0,0,0
15056,0,0,0
15057,0,0,0
15058,0,0,0
15059,0,0,0
15060,0,0,0
15061,0,0,0
15062,0,0,0
15063,0,0,0
15064,0,0,0
15065,0,0,0
15066,0,0,0
15067,0,0,0
15068,0,0,0
15069,0,0,0
15070,0,0,0
15071,0,0,0
15072,0,0,0
15073,0,0,0
15074,0,0,0
15075,0,0,0
15076,0,0,0
15077,0,0,0
15078,0,0,0
15079,0,0,0
15080,0,0,0
15081,0,0,0
15082,0,0,0
15083,0,0,0
15084,0,0,0
15085,0,0,0
15086,0,0,0
15087,0,0,0
15088,0,0,0
15089,0,0,0
15090,0,0,0
15091,0,0,0
15092,0,0,0
15093,0,0,0
15094,0,0,0
15095,0,0,0
15096,0,0,0
15097,0,0,0
15098,0,0,0
15099,0,0,0
15100,0,0,0
15101,0,0,0
15102,0,0,0
15103,0,0,0
15104,0,0,0
15105,0,0,0
15106,0,0,0
15107,0,0,0
15108,0,0,0
15109,0,0,0
15110,0,0,0
15111,0,0,0
15112,0,0,0
15113,0,0,0
15114,0,0,0
15115,0,0,0
15116,0,0,0
15117,0,0,0
15118,0,0,0
15119,0,0,0
15120,0,0,0
15121,0,0,0
15122,0,0,0
15123,0,0,0
15124,0,0,0
15125,0,0,0
15126,0,0,0
15127,0,0,0
15128,0,0,0
15129,0,0,0
15130,0,0,0
15131,0,0,0
15132,0,0,0
15133,0,0,0
15134,0,0,0
15135,0,0,0
15136,0,0,0
15137,0,0,0
15138,0,0,0
15139,0,0,0
15140,0,0,0
15141,0,0,0
15142,0,0,0
15143,0,0,0
15144,0,0,0
15145,0,0,0
15146,0,0,0
15147,0,0,0
15148,0,0,0
15149,0,0,0
15150,0,0,0
15151,0,0,0
15152,0,0,0
15153,0,0,0
15155,0,0,0
15156,0,0,0
15157,0,0,0
15158,0,0,0
15159,0,0,0
15160,0,0,0
15161,0,0,0
15162,0,0,0
15163,0,0,0
15164,0,0,0
15165,0,0,0
15166,0,0,0
15167,0,0,0
15168,0,0,0
15169,0,0,0
15170,0,0,0
15171,0,0,0
15172,0,0,0
15173,0,0,0
15174,0,0,0
15175,0,0,0
15176,0,0,0
15177,0,0,0
15178,0,0,0
15179,0,0,0
15180,0,0,0
15181,0,0,0
15182,0,0,0
15183,0,0,0
15184,0,0,0
15185,0,0,0
15186,0,0,0
15187,0,0,0
15188,0,0,0
15189,0,0,0
15190,0,0,0
15192,0,0,0
15193,0,0,0
15195,0,0,0
15196,0,0,0
15197,0,0,0
15198,0,0,0
15199,0,0,0
15200,0,0,0
15201,0,0,0
15202,0,0,0
15203,0,0,0
15204,0,0,0
15205,0,0,0
15206,0,0,0
15207,0,0,0
15208,0,0,0
15209,0,0,0
15210,0,0,0
15211,0,0,0
15212,0,0,0
15213,0,0,0
15214,0,0,0
15215,0,0,0
15216,0,0,0
15217,0,0,0
15218,0,0,0
15219,0,0,0
15220,0,0,0
15222,0,0,0
15223,0,0,0
15224,0,0,0
15225,0,0,0
15226,0,0,0
15227,0,0,0
15228,0,0,0
15229,0,0,0
15230,0,0,0
15231,0,0,0
15233,0,0,0
15234,0,0,0
15235,0,0,0
15236,0,0,0
15237,0,0,0
15238,0,0,0
15239,0,0,0
15241,0,0,0
15242,0,0,0
15243,0,0,0
15244,0,0,0
15245,0,0,0
15246,0,0,0
15247,0,0,0
15248,0,0,0
15249,0,0,0
15250,0,0,0
15251,0,0,0
15252,0,0,0
15253,0,0,0
15254,0,0,0
15255,0,0,0
15256,0,0,0
15257,0,0,0
15258,0,0,0
15259,0,0,0
15260,0,0,0
15261,0,0,0
15262,0,0,0
15263,0,0,0
15264,0,0,0
15265,0,0,0
15266,0,0,0
15267,0,0,0
15268,0,0,0
15269,0,0,0
15270,0,0,0
15271,0,0,0
15272,0,0,0
15273,0,0,0
15274,0,0,0
15275,0,0,0
15276,0,0,0
15277,0,0,0
15278,0,0,0
15279,0,0,0
15280,0,0,0
15281,0,0,0
15282,0,0,0
15283,0,0,0
15284,0,0,0
15285,0,0,0
15286,0,0,0
15287,0,0,0
15288,0,0,0
15289,0,0,0
15290,0,0,0
15291,0,0,0
15292,0,0,0
15293,0,0,0
15294,0,0,0
15295,0,0,0
15296,0,0,0
15297,0,0,0
15298,0,0,0
15299,0,0,0
15300,0,0,0
15301,0,0,0
15302,0,0,0
15303,0,0,0
15304,0,0,0
15305,0,0,0
15306,0,0,0
15307,0,0,0
15308,0,0,0
15309,0,0,0
15310,0,0,0
15311,0,0,0
15312,0,0,0
15313,0,0,0
15314,0,0,0
15315,0,0,0
15316,0,0,0
15317,0,0,0
15318,0,0,0
15319,0,0,0
15320,0,0,0
15321,0,0,0
15322,0,0,0
15323,0,0,0
15324,0,0,0
15325,0,0,0
15326,0,0,0
15327,0,0,0
15328,0,0,0
15330,0,0,0
15331,0,0,0
15332,0,0,0
15333,0,0,0
15334,0,0,0
15335,0,0,0
15336,0,0,0
15337,0,0,0
15338,0,0,0
15339,0,0,0
15340,0,0,0
15341,0,0,0
15342,0,0,0
15343,0,0,0
15344,0,0,0
15345,0,0,0
15346,0,0,0
15347,0,0,0
15348,0,0,0
15350,0,0,0
15351,0,0,0
15352,0,0,0
15353,0,0,0
15354,0,0,0
15356,0,0,0
15357,0,0,0
15358,0,0,0
15359,0,0,0
15360,0,0,0
15361,0,0,0
15362,0,0,0
15363,0,0,0
15364,0,0,0
15366,0,0,0
15367,0,0,0
15368,0,0,0
15369,0,0,0
15370,0,0,0
15371,0,0,0
15372,0,0,0
15373,0,0,0
15374,0,0,0
15375,0,0,0
15376,0,0,0
15377,0,0,0
15378,0,0,0
15379,0,0,0
15380,0,0,0
15382,0,0,0
15383,0,0,0
15384,0,0,0
15385,0,0,0
15386,0,0,0
15387,0,0,0
15388,0,0,0
15389,0,0,0
15390,0,0,0
15391,0,0,0
15392,0,0,0
15393,0,0,0
15394,0,0,0
15395,0,0,0
15396,0,0,0
15397,0,0,0
15398,0,0,0
15399,0,0,0
15400,0,0,0
15401,0,0,0
15402,0,0,0
15403,0,0,0
15404,0,0,0
15405,0,0,0
15406,0,0,0
15407,0,0,0
15408,0,0,0
15409,0,0,0
15410,0,0,0
15411,0,0,0
15412,0,0,0
15413,0,0,0
15414,0,0,0
15415,0,0,0
15416,0,0,0
15417,0,0,0
15418,0,0,0
15419,0,0,0
15420,0,0,0
15421,0,0,0
15422,0,0,0
15423,0,0,0
15424,0,0,0
15425,0,0,0
15426,0,0,0
15427,0,0,0
15428,0,0,0
15429,0,0,0
15430,0,0,0
15431,0,0,0
15432,0,0,0
15433,0,0,0
15434,0,0,0
15435,0,0,0
15436,0,0,0
15437,0,0,0
15438,0,0,0
15439,0,0,0
15440,0,0,0
15442,0,0,0
15443,0,0,0
15444,0,0,0
15445,0,0,0
15446,0,0,0
15447,0,0,0
15448,0,0,0
15450,0,0,0
15451,0,0,0
15452,0,0,0
15453,0,0,0
15454,0,0,0
15455,0,0,0
15456,0,0,0
15457,0,0,0
15458,0,0,0
15459,0,0,0
15460,0,0,0
15461,0,0,0
15462,0,0,0
15463,0,0,0
15464,0,0,0
15465,0,0,0
15466,0,0,0
15467,0,0,0
15468,0,0,0
15469,0,0,0
15470,0,0,0
15471,0,0,0
15472,0,0,0
15473,0,0,0
15474,0,0,0
15475,0,0,0
15476,0,0,0
15477,0,0,0
15479,0,0,0
15480,0,0,0
15481,0,0,0
15482,0,0,0
15483,0,0,0
15484,0,0,0
15485,0,0,0
15486,0,0,0
15487,0,0,0
15488,0,0,0
15489,0,0,0
15491,0,0,0
15492,0,0,0
15493,0,0,0
15494,0,0,0
15495,0,0,0
15496,0,0,0
15497,0,0,0
15498,0,0,0
15499,0,0,0
15501,0,0,0
15502,0,0,0
15503,0,0,0
15504,0,0,0
15505,0,0,0
15506,0,0,0
15507,0,0,0
15508,0,0,0
15509,0,0,0
15510,0,0,0
15511,0,0,0
15512,0,0,0
15513,0,0,0
15514,0,0,0
15515,0,0,0
15516,0,0,0
15517,0,0,0
15518,0,0,0
15519,0,0,0
15520,0,0,0
15521,0,0,0
15522,0,0,0
15523,0,0,0
15524,0,0,0
15525,0,0,0
15526,0,0,0
15527,0,0,0
15528,0,0,0
15530,0,0,0
15531,0,0,0
15532,0,0,0
15533,0,0,0
15534,0,0,0
15535,0,0,0
15536,0,0,0
15537,0,0,0
15538,0,0,0
15539,0,0,0
15540,0,0,0
15541,0,0,0
15542,0,0,0
15543,0,0,0
15544,0,0,0
15545,0,0,0
15546,0,0,0
15547,0,0,0
15548,0,0,0
15549,0,0,0
15550,0,0,0
15551,0,0,0
15552,0,0,0
15553,0,0,0
15554,0,0,0
15555,0,0,0
15556,0,0,0
15557,0,0,0
15558,0,0,0
15559,0,0,0
15560,0,0,0
15561,0,0,0
15562,0,0,0
15563,0,0,0
15564,0,0,0
15565,0,0,0
15566,0,0,0
15567,0,0,0
15568,0,0,0
15569,0,0,0
15570,0,0,0
15572,0,0,0
15573,0,0,0
15574,0,0,0
15575,0,0,0
15576,0,0,0
15577,0,0,0
15578,0,0,0
15579,0,0,0
15580,0,0,0
15581,0,0,0
15582,0,0,0
15583,0,0,0
15584,0,0,0
15585,0,0,0
15586,0,0,0
15587,0,0,0
15588,0,0,0
15590,0,0,0
15591,0,0,0
15592,0,0,0
15593,0,0,0
15594,0,0,0
15595,0,0,0
15596,0,0,0
15597,0,0,0
15598,0,0,0
15599,0,0,0
15600,0,0,0
15601,0,0,0
15602,0,0,0
15603,0,0,0
15604,0,0,0
15605,0,0,0
15606,0,0,0
15607,0,0,0
15608,0,0,0
15609,0,0,0
15610,0,0,0
15611,0,0,0
15612,0,0,0
15613,0,0,0
15614,0,0,0
15615,0,0,0
15616,0,0,0
15618,0,0,0
15619,0,0,0
15620,0,0,0
15621,0,0,0
15622,0,0,0
15623,0,0,0
15624,0,0,0
15625,0,0,0
15626,0,0,0
15627,0,0,0
15628,0,0,0
15629,0,0,0
15630,0,0,0
15631,0,0,0
15632,0,0,0
15633,0,0,0
15634,0,0,0
15635,0,0,0
15636,0,0,0
15637,0,0,0
15638,0,0,0
15639,0,0,0
15640,0,0,0
15641,0,0,0
15642,0,0,0
15643,0,0,0
15644,0,0,0
15645,0,0,0
15646,0,0,0
15647,0,0,0
15648,0,0,0
15649,0,0,0
15650,0,0,0
15651,0,0,0
15652,0,0,0
15653,0,0,0
15654,0,0,0
15655,0,0,0
15656,0,0,0
15657,0,0,0
15658,0,0,0
15659,0,0,0
15660,0,0,0
15661,0,0,0
15662,0,0,0
15663,0,0,0
15664,0,0,0
15666,0,0,0
15667,0,0,0
15668,0,0,0
15670,0,0,0
15671,0,0,0
15672,0,0,0
15673,0,0,0
15674,0,0,0
15675,0,0,0
15676,0,0,0
15677,0,0,0
15679,0,0,0
15680,0,0,0
15681,0,0,0
15682,0,0,0
15683,0,0,0
15684,0,0,0
15685,0,0,0
15686,0,0,0
15687,0,0,0
15688,0,0,0
15689,0,0,0
15690,0,0,0
15691,0,0,0
15692,0,0,0
15693,0,0,0
15694,0,0,0
15695,0,0,0
